user_id,movie_title,weight
letterboxd-mariohervas-2026-03-04-17-51-utc,once upon a time... in hollywood,0.002097
letterboxd-mariohervas-2026-03-04-17-51-utc,parasite,0.002097
letterboxd-mariohervas-2026-03-04-17-51-utc,donnie darko,0.002264
letterboxd-mariohervas-2026-03-04-17-51-utc,uncut gems,0.001812
letterboxd-mariohervas-2026-03-04-17-51-utc,mia and the white lion,0.000226
letterboxd-mariohervas-2026-03-04-17-51-utc,bohemian rhapsody,0.000453
letterboxd-mariohervas-2026-03-04-17-51-utc,the nice guys,0.003015
letterboxd-mariohervas-2026-03-04-17-51-utc,birdman or (the unexpected virtue of ignorance),0.003351
letterboxd-mariohervas-2026-03-04-17-51-utc,the platform,0.000335
letterboxd-mariohervas-2026-03-04-17-51-utc,the house that jack built,0.003769
letterboxd-mariohervas-2026-03-04-17-51-utc,portrait of a lady on fire,0.003864
letterboxd-mariohervas-2026-03-04-17-51-utc,if i were a rich man,0.001545
letterboxd-mariohervas-2026-03-04-17-51-utc,solaris,0.005266
letterboxd-mariohervas-2026-03-04-17-51-utc,tenet,0.005353
letterboxd-mariohervas-2026-03-04-17-51-utc,good time,0.004329
letterboxd-mariohervas-2026-03-04-17-51-utc,spider-man: far from home,0.003274
letterboxd-mariohervas-2026-03-04-17-51-utc,murder mystery,0.002455
letterboxd-mariohervas-2026-03-04-17-51-utc,avatar: the way of water,0.018773
letterboxd-mariohervas-2026-03-04-17-51-utc,triangle of sadness,0.022838
letterboxd-mariohervas-2026-03-04-17-51-utc,get out,0.030451
letterboxd-mariohervas-2026-03-04-17-51-utc,the batman,0.034257
letterboxd-mariohervas-2026-03-04-17-51-utc,us,0.026718
letterboxd-mariohervas-2026-03-04-17-51-utc,sorry to bother you,0.038273
letterboxd-mariohervas-2026-03-04-17-51-utc,knives out,0.027235
letterboxd-mariohervas-2026-03-04-17-51-utc,the mule,0.024125
letterboxd-mariohervas-2026-03-04-17-51-utc,game night,0.029246
letterboxd-mariohervas-2026-03-04-17-51-utc,creep,0.029246
letterboxd-mariohervas-2026-03-04-17-51-utc,the menu,0.025206
letterboxd-mariohervas-2026-03-04-17-51-utc,oldboy,0.0337
letterboxd-mariohervas-2026-03-04-17-51-utc,the lighthouse,0.0337
letterboxd-mariohervas-2026-03-04-17-51-utc,sleep tight,0.029487
letterboxd-mariohervas-2026-03-04-17-51-utc,black swan,0.029649
letterboxd-mariohervas-2026-03-04-17-51-utc,ready or not,0.025414
letterboxd-mariohervas-2026-03-04-17-51-utc,puss in boots: the last wish,0.038225
letterboxd-mariohervas-2026-03-04-17-51-utc,aftersun,0.034071
letterboxd-mariohervas-2026-03-04-17-51-utc,prison 77,0.021294
letterboxd-mariohervas-2026-03-04-17-51-utc,infinity pool,0.030058
letterboxd-mariohervas-2026-03-04-17-51-utc,venus,0.025835
letterboxd-mariohervas-2026-03-04-17-51-utc,the northman,0.034541
letterboxd-mariohervas-2026-03-04-17-51-utc,mother!,0.034636
letterboxd-mariohervas-2026-03-04-17-51-utc,the autopsy of jane doe,0.026845
letterboxd-mariohervas-2026-03-04-17-51-utc,scream vi,0.032902
letterboxd-mariohervas-2026-03-04-17-51-utc,winnie the pooh: blood and honey,0.004871
letterboxd-mariohervas-2026-03-04-17-51-utc,kill bill: vol. 1,0.044564
letterboxd-mariohervas-2026-03-04-17-51-utc,nope,0.045551
letterboxd-mariohervas-2026-03-04-17-51-utc,citizenfour,0.025655
letterboxd-mariohervas-2026-03-04-17-51-utc,evil dead rise,0.036016
letterboxd-mariohervas-2026-03-04-17-51-utc,beau is afraid,0.021094
letterboxd-mariohervas-2026-03-04-17-51-utc,spider-man: across the spider-verse,0.041303
letterboxd-mariohervas-2026-03-04-17-51-utc,the flash,0.030074
letterboxd-mariohervas-2026-03-04-17-51-utc,harry potter and the chamber of secrets,0.031421
letterboxd-mariohervas-2026-03-04-17-51-utc,harry potter and the prisoner of azkaban,0.037706
letterboxd-mariohervas-2026-03-04-17-51-utc,operation fortune: ruse de guerre,0.025414
letterboxd-mariohervas-2026-03-04-17-51-utc,harry potter and the goblet of fire,0.03833
letterboxd-mariohervas-2026-03-04-17-51-utc,captain voyeur,0.031942
letterboxd-mariohervas-2026-03-04-17-51-utc,harry potter and the order of the phoenix,0.038647
letterboxd-mariohervas-2026-03-04-17-51-utc,harry potter and the half-blood prince,0.032206
letterboxd-mariohervas-2026-03-04-17-51-utc,harry potter and the deathly hallows: part 1,0.04546
letterboxd-mariohervas-2026-03-04-17-51-utc,mission: impossible – dead reckoning,0.04546
letterboxd-mariohervas-2026-03-04-17-51-utc,following,0.052097
letterboxd-mariohervas-2026-03-04-17-51-utc,memento,0.052097
letterboxd-mariohervas-2026-03-04-17-51-utc,batman begins,0.058609
letterboxd-mariohervas-2026-03-04-17-51-utc,the prestige,0.05224
letterboxd-mariohervas-2026-03-04-17-51-utc,the dark knight,0.05224
letterboxd-mariohervas-2026-03-04-17-51-utc,inception,0.058931
letterboxd-mariohervas-2026-03-04-17-51-utc,the dark knight rises,0.065479
letterboxd-mariohervas-2026-03-04-17-51-utc,interstellar,0.065479
letterboxd-mariohervas-2026-03-04-17-51-utc,dunkirk,0.045961
letterboxd-mariohervas-2026-03-04-17-51-utc,oppenheimer,0.052671
letterboxd-mariohervas-2026-03-04-17-51-utc,fight club,0.05958
letterboxd-mariohervas-2026-03-04-17-51-utc,b.i.b.l.e. - the documentary,0.034869
letterboxd-mariohervas-2026-03-04-17-51-utc,talk to me,0.04895
letterboxd-mariohervas-2026-03-04-17-51-utc,harry potter and the deathly hallows: part 2,0.042073
letterboxd-mariohervas-2026-03-04-17-51-utc,beyond the infinite two minutes,0.049219
letterboxd-mariohervas-2026-03-04-17-51-utc,siege (asedio),0.014063
letterboxd-mariohervas-2026-03-04-17-51-utc,midsommar,0.035157
letterboxd-mariohervas-2026-03-04-17-51-utc,moby & the void pacific choir: are you lost in the world like me,0.01414
letterboxd-mariohervas-2026-03-04-17-51-utc,a prayer before dawn,0.042536
letterboxd-mariohervas-2026-03-04-17-51-utc,circus maximus,0.042536
letterboxd-mariohervas-2026-03-04-17-51-utc,cruising,0.035544
letterboxd-mariohervas-2026-03-04-17-51-utc,no hard feelings,0.042653
letterboxd-mariohervas-2026-03-04-17-51-utc,whateverest,0.04277
letterboxd-mariohervas-2026-03-04-17-51-utc,under the silver lake,0.035642
letterboxd-mariohervas-2026-03-04-17-51-utc,us and them,0.042887
letterboxd-mariohervas-2026-03-04-17-51-utc,flux gourmet,0.042887
letterboxd-mariohervas-2026-03-04-17-51-utc,mandy,0.050035
letterboxd-mariohervas-2026-03-04-17-51-utc,only god forgives,0.035739
letterboxd-mariohervas-2026-03-04-17-51-utc,fear and desire,0.028591
letterboxd-mariohervas-2026-03-04-17-51-utc,killer's kiss,0.035739
letterboxd-mariohervas-2026-03-04-17-51-utc,the killing,0.035739
letterboxd-mariohervas-2026-03-04-17-51-utc,paths of glory,0.057183
letterboxd-mariohervas-2026-03-04-17-51-utc,spartacus,0.057183
letterboxd-mariohervas-2026-03-04-17-51-utc,lolita,0.021444
letterboxd-mariohervas-2026-03-04-17-51-utc,dr. strangelove or: how i learned to stop worrying and love the bomb,0.050035
letterboxd-mariohervas-2026-03-04-17-51-utc,2001: a space odyssey,0.064331
letterboxd-mariohervas-2026-03-04-17-51-utc,a clockwork orange,0.050035
letterboxd-mariohervas-2026-03-04-17-51-utc,barry lyndon,0.057183
letterboxd-mariohervas-2026-03-04-17-51-utc,the shining,0.057183
letterboxd-mariohervas-2026-03-04-17-51-utc,full metal jacket,0.057183
letterboxd-mariohervas-2026-03-04-17-51-utc,eyes wide shut,0.071479
letterboxd-mariohervas-2026-03-04-17-51-utc,the great beauty,0.05734
letterboxd-mariohervas-2026-03-04-17-51-utc,the worst person in the world,0.043123
letterboxd-mariohervas-2026-03-04-17-51-utc,boiling point,0.150825
letterboxd-mariohervas-2026-03-04-17-51-utc,the lobster,0.050725
letterboxd-mariohervas-2026-03-04-17-51-utc,mission: impossible,0.036431
letterboxd-mariohervas-2026-03-04-17-51-utc,trash humpers,0.029305
letterboxd-mariohervas-2026-03-04-17-51-utc,lamb,0.036632
letterboxd-mariohervas-2026-03-04-17-51-utc,fear and loathing in las vegas,0.044199
letterboxd-mariohervas-2026-03-04-17-51-utc,too late,0.036934
letterboxd-mariohervas-2026-03-04-17-51-utc,teenage mutant ninja turtles: mutant mayhem,0.059256
letterboxd-mariohervas-2026-03-04-17-51-utc,la haine,0.059419
letterboxd-mariohervas-2026-03-04-17-51-utc,former cult member hears music for the first time,0.044686
letterboxd-mariohervas-2026-03-04-17-51-utc,scarface,0.059745
letterboxd-mariohervas-2026-03-04-17-51-utc,eer,0.044932
letterboxd-mariohervas-2026-03-04-17-51-utc,past lives,0.045055
letterboxd-mariohervas-2026-03-04-17-51-utc,the banshees of inisherin,0.045179
letterboxd-mariohervas-2026-03-04-17-51-utc,the nun ii,0.015101
letterboxd-mariohervas-2026-03-04-17-51-utc,saw,0.045427
letterboxd-mariohervas-2026-03-04-17-51-utc,come and see,0.053144
letterboxd-mariohervas-2026-03-04-17-51-utc,x,0.045552
letterboxd-mariohervas-2026-03-04-17-51-utc,pearl,0.03796
letterboxd-mariohervas-2026-03-04-17-51-utc,saw ii,0.045552
letterboxd-mariohervas-2026-03-04-17-51-utc,dogville,0.060902
letterboxd-mariohervas-2026-03-04-17-51-utc,saw iii,0.023027
letterboxd-mariohervas-2026-03-04-17-51-utc,the elephant man,0.061573
letterboxd-mariohervas-2026-03-04-17-51-utc,saw iv,0.030956
letterboxd-mariohervas-2026-03-04-17-51-utc,bottoms,0.047333
letterboxd-mariohervas-2026-03-04-17-51-utc,the creator,0.048117
letterboxd-mariohervas-2026-03-04-17-51-utc,saw x,0.049049
letterboxd-mariohervas-2026-03-04-17-51-utc,jigsaw,0.049049
letterboxd-mariohervas-2026-03-04-17-51-utc,killers of the flower moon,0.076241
letterboxd-mariohervas-2026-03-04-17-51-utc,halloween ends,0.008802
letterboxd-mariohervas-2026-03-04-17-51-utc,five nights at freddy's,0.052815
letterboxd-mariohervas-2026-03-04-17-51-utc,skinamarink,0.07042
letterboxd-mariohervas-2026-03-04-17-51-utc,terrifier 2,0.03521
letterboxd-mariohervas-2026-03-04-17-51-utc,fractured,0.036587
letterboxd-mariohervas-2026-03-04-17-51-utc,something is about to happen,0.009197
letterboxd-mariohervas-2026-03-04-17-51-utc,the perfect family,0.009324
letterboxd-mariohervas-2026-03-04-17-51-utc,a simple favor,0.046619
letterboxd-mariohervas-2026-03-04-17-51-utc,barbie,0.05625
letterboxd-mariohervas-2026-03-04-17-51-utc,another round,0.075
letterboxd-mariohervas-2026-03-04-17-51-utc,godzilla minus one,0.079442
letterboxd-mariohervas-2026-03-04-17-51-utc,aquaman and the lost kingdom,0.02019
letterboxd-mariohervas-2026-03-04-17-51-utc,anatomy of a fall,0.070664
letterboxd-mariohervas-2026-03-04-17-51-utc,father there is only one,0.030284
letterboxd-mariohervas-2026-03-04-17-51-utc,la jetée,0.083916
letterboxd-mariohervas-2026-03-04-17-51-utc,the beasts,0.096234
letterboxd-mariohervas-2026-03-04-17-51-utc,poor things,0.066847
letterboxd-mariohervas-2026-03-04-17-51-utc,edge of winter,0.04481
letterboxd-mariohervas-2026-03-04-17-51-utc,escape from new york,0.072375
letterboxd-mariohervas-2026-03-04-17-51-utc,decision to leave,0.0965
letterboxd-mariohervas-2026-03-04-17-51-utc,the informer,0.06148
letterboxd-mariohervas-2026-03-04-17-51-utc,dune,0.14396
letterboxd-mariohervas-2026-03-04-17-51-utc,perfect days,0.087499
letterboxd-mariohervas-2026-03-04-17-51-utc,the holdovers,0.089193
letterboxd-mariohervas-2026-03-04-17-51-utc,road house,0.064588
letterboxd-mariohervas-2026-03-04-17-51-utc,dune: part two,0.116898
letterboxd-mariohervas-2026-03-04-17-51-utc,the others,0.09092
letterboxd-mariohervas-2026-03-04-17-51-utc,john wick: chapter 4,0.09117
letterboxd-mariohervas-2026-03-04-17-51-utc,gran turismo,0.07836
letterboxd-mariohervas-2026-03-04-17-51-utc,heat,0.10448
letterboxd-mariohervas-2026-03-04-17-51-utc,anyone but you,0.078575
letterboxd-mariohervas-2026-03-04-17-51-utc,judas and the black messiah,0.091671
letterboxd-mariohervas-2026-03-04-17-51-utc,eastern promises,0.052383
letterboxd-mariohervas-2026-03-04-17-51-utc,the iron claw,0.091671
letterboxd-mariohervas-2026-03-04-17-51-utc,crimes of the future,0.039395
letterboxd-mariohervas-2026-03-04-17-51-utc,eo,0.091922
letterboxd-mariohervas-2026-03-04-17-51-utc,prisoners of the ghostland,0.039395
letterboxd-mariohervas-2026-03-04-17-51-utc,willy's wonderland,0.078791
letterboxd-mariohervas-2026-03-04-17-51-utc,guns akimbo,0.065659
letterboxd-mariohervas-2026-03-04-17-51-utc,custody,0.118186
letterboxd-mariohervas-2026-03-04-17-51-utc,collateral,0.079007
letterboxd-mariohervas-2026-03-04-17-51-utc,southpaw,0.092174
letterboxd-mariohervas-2026-03-04-17-51-utc,prince of darkness,0.092174
letterboxd-mariohervas-2026-03-04-17-51-utc,air,0.079223
letterboxd-mariohervas-2026-03-04-17-51-utc,dream scenario,0.079441
letterboxd-mariohervas-2026-03-04-17-51-utc,i stand alone,0.052961
letterboxd-mariohervas-2026-03-04-17-51-utc,the big short,0.066201
letterboxd-mariohervas-2026-03-04-17-51-utc,first man,0.079441
letterboxd-mariohervas-2026-03-04-17-51-utc,pain and glory,0.066201
letterboxd-mariohervas-2026-03-04-17-51-utc,the revenant,0.079441
letterboxd-mariohervas-2026-03-04-17-51-utc,belleville cop,0.02648
letterboxd-mariohervas-2026-03-04-17-51-utc,1917,0.066201
letterboxd-mariohervas-2026-03-04-17-51-utc,jojo rabbit,0.079441
letterboxd-mariohervas-2026-03-04-17-51-utc,while at war,0.052961
letterboxd-mariohervas-2026-03-04-17-51-utc,se7en,0.105921
letterboxd-mariohervas-2026-03-04-17-51-utc,birds of prey (and the fantabulous emancipation of one harley quinn),0.052961
letterboxd-mariohervas-2026-03-04-17-51-utc,the host,0.092681
letterboxd-mariohervas-2026-03-04-17-51-utc,the gentlemen,0.092681
letterboxd-mariohervas-2026-03-04-17-51-utc,the ballad of buster scruggs,0.079441
letterboxd-mariohervas-2026-03-04-17-51-utc,primal fear,0.079441
letterboxd-mariohervas-2026-03-04-17-51-utc,enter the void,0.092681
letterboxd-mariohervas-2026-03-04-17-51-utc,the hunt,0.105921
letterboxd-mariohervas-2026-03-04-17-51-utc,the invisible man,0.105921
letterboxd-mariohervas-2026-03-04-17-51-utc,terrifier,0.079441
letterboxd-mariohervas-2026-03-04-17-51-utc,the evil dead,0.092681
letterboxd-mariohervas-2026-03-04-17-51-utc,evil dead ii,0.092681
letterboxd-mariohervas-2026-03-04-17-51-utc,qt8: the first eight,0.079441
letterboxd-mariohervas-2026-03-04-17-51-utc,john wick: chapter 3 – parabellum,0.092681
letterboxd-mariohervas-2026-03-04-17-51-utc,the unbearable weight of massive talent,0.079659
letterboxd-mariohervas-2026-03-04-17-51-utc,argylle,0.066564
letterboxd-mariohervas-2026-03-04-17-51-utc,imaginary,0.026626
letterboxd-mariohervas-2026-03-04-17-51-utc,mad max: fury road,0.119816
letterboxd-mariohervas-2026-03-04-17-51-utc,army of darkness,0.079877
letterboxd-mariohervas-2026-03-04-17-51-utc,memories of murder,0.09319
letterboxd-mariohervas-2026-03-04-17-51-utc,terminator: dark fate,0.039939
letterboxd-mariohervas-2026-03-04-17-51-utc,enemy,0.09319
letterboxd-mariohervas-2026-03-04-17-51-utc,the raid,0.09319
letterboxd-mariohervas-2026-03-04-17-51-utc,twin murders: the silence of the white city,0.013313
letterboxd-mariohervas-2026-03-04-17-51-utc,the spider within: a spider-verse story,0.080096
letterboxd-mariohervas-2026-03-04-17-51-utc,watchmen,0.093446
letterboxd-mariohervas-2026-03-04-17-51-utc,the lincoln lawyer,0.080096
letterboxd-mariohervas-2026-03-04-17-51-utc,da 5 bloods,0.080096
letterboxd-mariohervas-2026-03-04-17-51-utc,the godfather,0.120145
letterboxd-mariohervas-2026-03-04-17-51-utc,the godfather part ii,0.106795
letterboxd-mariohervas-2026-03-04-17-51-utc,pierrot le fou,0.053838
letterboxd-mariohervas-2026-03-04-17-51-utc,the first omen,0.080979
letterboxd-mariohervas-2026-03-04-17-51-utc,marcel the shell with shoes on,0.121802
letterboxd-mariohervas-2026-03-04-17-51-utc,love lies bleeding,0.095779
letterboxd-mariohervas-2026-03-04-17-51-utc,monkey man,0.096305
letterboxd-mariohervas-2026-03-04-17-51-utc,ford v ferrari,0.096305
letterboxd-mariohervas-2026-03-04-17-51-utc,drive,0.096305
letterboxd-mariohervas-2026-03-04-17-51-utc,7500,0.041274
letterboxd-mariohervas-2026-03-04-17-51-utc,ex machina,0.082547
letterboxd-mariohervas-2026-03-04-17-51-utc,blackkklansman,0.096305
letterboxd-mariohervas-2026-03-04-17-51-utc,boogie nights,0.110063
letterboxd-mariohervas-2026-03-04-17-51-utc,civil war,0.09817
letterboxd-mariohervas-2026-03-04-17-51-utc,the fall guy,0.085306
letterboxd-mariohervas-2026-03-04-17-51-utc,suspiria,0.12831
letterboxd-mariohervas-2026-03-04-17-51-utc,challengers,0.08601
letterboxd-mariohervas-2026-03-04-17-51-utc,punch-drunk love,0.090358
letterboxd-mariohervas-2026-03-04-17-51-utc,prisoners,0.120477
letterboxd-mariohervas-2026-03-04-17-51-utc,nocturnal animals,0.111355
letterboxd-mariohervas-2026-03-04-17-51-utc,the lego movie,0.127263
letterboxd-mariohervas-2026-03-04-17-51-utc,hit man,0.123912
letterboxd-mariohervas-2026-03-04-17-51-utc,a quiet place: day one,0.10621
letterboxd-mariohervas-2026-03-04-17-51-utc,despicable me 4,0.10621
letterboxd-mariohervas-2026-03-04-17-51-utc,the zone of interest,0.123912
letterboxd-mariohervas-2026-03-04-17-51-utc,the party,0.089239
letterboxd-mariohervas-2026-03-04-17-51-utc,upon entry,0.143174
letterboxd-mariohervas-2026-03-04-17-51-utc,the guernsey literary & potato peel pie society,0.071981
letterboxd-mariohervas-2026-03-04-17-51-utc,fallen leaves,0.144356
letterboxd-mariohervas-2026-03-04-17-51-utc,the last letter from your lover,0.072575
letterboxd-mariohervas-2026-03-04-17-51-utc,about time,0.146347
letterboxd-mariohervas-2026-03-04-17-51-utc,deadpool & wolverine,0.073374
letterboxd-mariohervas-2026-03-04-17-51-utc,maxxxine,0.094008
letterboxd-mariohervas-2026-03-04-17-51-utc,la chimera,0.112809
letterboxd-mariohervas-2026-03-04-17-51-utc,after hours,0.131972
letterboxd-mariohervas-2026-03-04-17-51-utc,how to blow up a pipeline,0.113429
letterboxd-mariohervas-2026-03-04-17-51-utc,longlegs,0.151653
letterboxd-mariohervas-2026-03-04-17-51-utc,the lives of others,0.151653
letterboxd-mariohervas-2026-03-04-17-51-utc,trap,0.114052
letterboxd-mariohervas-2026-03-04-17-51-utc,top gun: maverick,0.133792
letterboxd-mariohervas-2026-03-04-17-51-utc,before sunrise,0.114679
letterboxd-mariohervas-2026-03-04-17-51-utc,apocalypse now,0.153325
letterboxd-mariohervas-2026-03-04-17-51-utc,the father,0.057497
letterboxd-mariohervas-2026-03-04-17-51-utc,magnolia,0.134159
letterboxd-mariohervas-2026-03-04-17-51-utc,12 angry men,0.134159
letterboxd-mariohervas-2026-03-04-17-51-utc,guardians of the galaxy vol. 2,0.057497
letterboxd-mariohervas-2026-03-04-17-51-utc,the traitor,0.134159
letterboxd-mariohervas-2026-03-04-17-51-utc,inherent vice,0.057497
letterboxd-mariohervas-2026-03-04-17-51-utc,el crack,0.057497
letterboxd-mariohervas-2026-03-04-17-51-utc,el crack dos,0.038331
letterboxd-mariohervas-2026-03-04-17-51-utc,little women,0.153325
letterboxd-mariohervas-2026-03-04-17-51-utc,the ministry of ungentlemanly warfare,0.057497
letterboxd-mariohervas-2026-03-04-17-51-utc,breaking the waves,0.134527
letterboxd-mariohervas-2026-03-04-17-51-utc,american psycho,0.115309
letterboxd-mariohervas-2026-03-04-17-51-utc,the boss of it all,0.115309
letterboxd-mariohervas-2026-03-04-17-51-utc,there will be blood,0.096354
letterboxd-mariohervas-2026-03-04-17-51-utc,antichrist,0.154167
letterboxd-mariohervas-2026-03-04-17-51-utc,melancholia,0.154167
letterboxd-mariohervas-2026-03-04-17-51-utc,nymphomaniac: vol. i,0.154167
letterboxd-mariohervas-2026-03-04-17-51-utc,the truman show,0.154167
letterboxd-mariohervas-2026-03-04-17-51-utc,highlander,0.057971
letterboxd-mariohervas-2026-03-04-17-51-utc,seven samurai,0.115942
letterboxd-mariohervas-2026-03-04-17-51-utc,children of men,0.15459
letterboxd-mariohervas-2026-03-04-17-51-utc,network,0.077295
letterboxd-mariohervas-2026-03-04-17-51-utc,eternal sunshine of the spotless mind,0.193237
letterboxd-mariohervas-2026-03-04-17-51-utc,city of god,0.193768
letterboxd-mariohervas-2026-03-04-17-51-utc,the kingdom,0.136383
letterboxd-mariohervas-2026-03-04-17-51-utc,downfall,0.136757
letterboxd-mariohervas-2026-03-04-17-51-utc,alien,0.136757
letterboxd-mariohervas-2026-03-04-17-51-utc,alien: romulus,0.136757
letterboxd-mariohervas-2026-03-04-17-51-utc,pain & gain,0.156293
letterboxd-mariohervas-2026-03-04-17-51-utc,harakiri,0.157152
letterboxd-mariohervas-2026-03-04-17-51-utc,dancer in the dark,0.157152
letterboxd-mariohervas-2026-03-04-17-51-utc,i hired a contract killer,0.118512
letterboxd-mariohervas-2026-03-04-17-51-utc,the coffee table,0.122473
letterboxd-mariohervas-2026-03-04-17-51-utc,kinds of kindness,0.122473
letterboxd-mariohervas-2026-03-04-17-51-utc,nina,0.020468
letterboxd-mariohervas-2026-03-04-17-51-utc,le samouraï,0.14367
letterboxd-mariohervas-2026-03-04-17-51-utc,gummo,0.14367
letterboxd-mariohervas-2026-03-04-17-51-utc,julien donkey-boy,0.103185
letterboxd-mariohervas-2026-03-04-17-51-utc,the human condition i: no greater love,0.165096
letterboxd-mariohervas-2026-03-04-17-51-utc,the human condition ii: road to eternity,0.166004
letterboxd-mariohervas-2026-03-04-17-51-utc,speak no evil,0.146452
letterboxd-mariohervas-2026-03-04-17-51-utc,beetlejuice,0.125875
letterboxd-mariohervas-2026-03-04-17-51-utc,beetlejuice beetlejuice,0.125875
letterboxd-mariohervas-2026-03-04-17-51-utc,cure,0.104895
letterboxd-mariohervas-2026-03-04-17-51-utc,the messiah,0.19037
letterboxd-mariohervas-2026-03-04-17-51-utc,the teachers' lounge,0.127611
letterboxd-mariohervas-2026-03-04-17-51-utc,jumanji: the next level,0.063805
letterboxd-mariohervas-2026-03-04-17-51-utc,spree,0.127611
letterboxd-mariohervas-2026-03-04-17-51-utc,feels good man,0.148879
letterboxd-mariohervas-2026-03-04-17-51-utc,bad boys for life,0.085074
letterboxd-mariohervas-2026-03-04-17-51-utc,the texas chain saw massacre,0.170148
letterboxd-mariohervas-2026-03-04-17-51-utc,the social dilemma,0.063805
letterboxd-mariohervas-2026-03-04-17-51-utc,symbiopsychotaxiplasm: take one,0.127611
letterboxd-mariohervas-2026-03-04-17-51-utc,the shawshank redemption,0.170148
letterboxd-mariohervas-2026-03-04-17-51-utc,richard jewell,0.127611
letterboxd-mariohervas-2026-03-04-17-51-utc,the skin i live in,0.191416
letterboxd-mariohervas-2026-03-04-17-51-utc,possessor,0.127611
letterboxd-mariohervas-2026-03-04-17-51-utc,videodrome,0.127611
letterboxd-mariohervas-2026-03-04-17-51-utc,citizen kane,0.127611
letterboxd-mariohervas-2026-03-04-17-51-utc,transformers one,0.170614
letterboxd-mariohervas-2026-03-04-17-51-utc,transformers,0.128312
letterboxd-mariohervas-2026-03-04-17-51-utc,twin peaks: the return,0.21621
letterboxd-mariohervas-2026-03-04-17-51-utc,megalopolis,0.196195
letterboxd-mariohervas-2026-03-04-17-51-utc,late night with the devil,0.131155
letterboxd-mariohervas-2026-03-04-17-51-utc,the whale,0.1326
letterboxd-mariohervas-2026-03-04-17-51-utc,trouble,0.088643
letterboxd-mariohervas-2026-03-04-17-51-utc,joker: folie à deux,0.044443
letterboxd-mariohervas-2026-03-04-17-51-utc,the boy and the heron,0.155977
letterboxd-mariohervas-2026-03-04-17-51-utc,vertigo,0.157265
letterboxd-mariohervas-2026-03-04-17-51-utc,timecrimes,0.180224
letterboxd-mariohervas-2026-03-04-17-51-utc,the substance,0.180718
letterboxd-mariohervas-2026-03-04-17-51-utc,the human condition iii: a soldier's prayer,0.181214
letterboxd-mariohervas-2026-03-04-17-51-utc,the killing of a sacred deer,0.204425
letterboxd-mariohervas-2026-03-04-17-51-utc,nimic,0.158998
letterboxd-mariohervas-2026-03-04-17-51-utc,black and blue,0.045428
letterboxd-mariohervas-2026-03-04-17-51-utc,minari,0.136284
letterboxd-mariohervas-2026-03-04-17-51-utc,the act of killing,0.158998
letterboxd-mariohervas-2026-03-04-17-51-utc,anima,0.158998
letterboxd-mariohervas-2026-03-04-17-51-utc,the steamroller and the violin,0.136284
letterboxd-mariohervas-2026-03-04-17-51-utc,"aguirre, the wrath of god",0.136284
letterboxd-mariohervas-2026-03-04-17-51-utc,stalker,0.204425
letterboxd-mariohervas-2026-03-04-17-51-utc,the killers,0.090856
letterboxd-mariohervas-2026-03-04-17-51-utc,lux æterna,0.136284
letterboxd-mariohervas-2026-03-04-17-51-utc,orpheus,0.158998
letterboxd-mariohervas-2026-03-04-17-51-utc,primer,0.181711
letterboxd-mariohervas-2026-03-04-17-51-utc,incendies,0.158998
letterboxd-mariohervas-2026-03-04-17-51-utc,irreversible,0.227139
letterboxd-mariohervas-2026-03-04-17-51-utc,eraserhead,0.183211
letterboxd-mariohervas-2026-03-04-17-51-utc,the room next door,0.137785
letterboxd-mariohervas-2026-03-04-17-51-utc,smile 2,0.092869
letterboxd-mariohervas-2026-03-04-17-51-utc,terrifier 3,0.140069
letterboxd-mariohervas-2026-03-04-17-51-utc,crash,0.141225
letterboxd-mariohervas-2026-03-04-17-51-utc,bliss,0.211837
letterboxd-mariohervas-2026-03-04-17-51-utc,insomnia,0.117687
letterboxd-mariohervas-2026-03-04-17-51-utc,the trial of the chicago 7,0.117687
letterboxd-mariohervas-2026-03-04-17-51-utc,saltburn,0.117687
letterboxd-mariohervas-2026-03-04-17-51-utc,inside out 2,0.117687
letterboxd-mariohervas-2026-03-04-17-51-utc,"good luck to you, leo grande",0.117687
letterboxd-mariohervas-2026-03-04-17-51-utc,motherless brooklyn,0.117687
letterboxd-mariohervas-2026-03-04-17-51-utc,glass onion,0.164762
letterboxd-mariohervas-2026-03-04-17-51-utc,venom: the last dance,0.070612
letterboxd-mariohervas-2026-03-04-17-51-utc,furiosa: a mad max saga,0.164762
letterboxd-mariohervas-2026-03-04-17-51-utc,la joia: bad gyal,0.047204
letterboxd-mariohervas-2026-03-04-17-51-utc,the straight story,0.165668
letterboxd-mariohervas-2026-03-04-17-51-utc,sans soleil,0.142391
letterboxd-mariohervas-2026-03-04-17-51-utc,the fabelmans,0.166122
letterboxd-mariohervas-2026-03-04-17-51-utc,first reformed,0.190375
letterboxd-mariohervas-2026-03-04-17-51-utc,possession,0.118984
letterboxd-mariohervas-2026-03-04-17-51-utc,l'argent,0.142781
letterboxd-mariohervas-2026-03-04-17-51-utc,knock at the cabin,0.143173
letterboxd-mariohervas-2026-03-04-17-51-utc,juror #2,0.143173
letterboxd-mariohervas-2026-03-04-17-51-utc,the seventh seal,0.168414
letterboxd-mariohervas-2026-03-04-17-51-utc,matador,0.195127
letterboxd-mariohervas-2026-03-04-17-51-utc,the 400 blows,0.171675
letterboxd-mariohervas-2026-03-04-17-51-utc,beau travail,0.196738
letterboxd-mariohervas-2026-03-04-17-51-utc,out 1,0.172618
letterboxd-mariohervas-2026-03-04-17-51-utc,twisters,0.123976
letterboxd-mariohervas-2026-03-04-17-51-utc,a woman under the influence,0.148771
letterboxd-mariohervas-2026-03-04-17-51-utc,the celebration,0.149179
letterboxd-mariohervas-2026-03-04-17-51-utc,gladiator ii,0.149179
letterboxd-mariohervas-2026-03-04-17-51-utc,the night of the hunter,0.17452
letterboxd-mariohervas-2026-03-04-17-51-utc,deerskin,0.149999
letterboxd-mariohervas-2026-03-04-17-51-utc,the beast,0.176927
letterboxd-mariohervas-2026-03-04-17-51-utc,wicked,0.152485
letterboxd-mariohervas-2026-03-04-17-51-utc,blow out,0.17986
letterboxd-mariohervas-2026-03-04-17-51-utc,yojimbo,0.155864
letterboxd-mariohervas-2026-03-04-17-51-utc,green room,0.15672
letterboxd-mariohervas-2026-03-04-17-51-utc,the first charge of the machete,0.211263
letterboxd-mariohervas-2026-03-04-17-51-utc,nosferatu,0.135707
letterboxd-mariohervas-2026-03-04-17-51-utc,the flamenco guitar of yerai cortés,0.217727
letterboxd-mariohervas-2026-03-04-17-51-utc,sonic the hedgehog 3,0.110668
letterboxd-mariohervas-2026-03-04-17-51-utc,wings of desire,0.197419
letterboxd-mariohervas-2026-03-04-17-51-utc,totally f***ed up,0.197419
letterboxd-mariohervas-2026-03-04-17-51-utc,queer,0.22624
letterboxd-mariohervas-2026-03-04-17-51-utc,wallace & gromit: the curse of the were-rabbit,0.170146
letterboxd-mariohervas-2026-03-04-17-51-utc,"paris, texas",0.198503
letterboxd-mariohervas-2026-03-04-17-51-utc,the doom generation,0.199048
letterboxd-mariohervas-2026-03-04-17-51-utc,heretic,0.170613
letterboxd-mariohervas-2026-03-04-17-51-utc,inland empire,0.255919
letterboxd-mariohervas-2026-03-04-17-51-utc,wallace & gromit: vengeance most fowl,0.171081
letterboxd-mariohervas-2026-03-04-17-51-utc,diabolique,0.199594
letterboxd-mariohervas-2026-03-04-17-51-utc,nowhere,0.228733
letterboxd-mariohervas-2026-03-04-17-51-utc,a history of violence,0.172021
letterboxd-mariohervas-2026-03-04-17-51-utc,ghostland,0.143351
letterboxd-mariohervas-2026-03-04-17-51-utc,man bites dog,0.172493
letterboxd-mariohervas-2026-03-04-17-51-utc,thief,0.230621
letterboxd-mariohervas-2026-03-04-17-51-utc,absurda,0.289067
letterboxd-mariohervas-2026-03-04-17-51-utc,flow,0.210259
letterboxd-mariohervas-2026-03-04-17-51-utc,the brutalist,0.240955
letterboxd-mariohervas-2026-03-04-17-51-utc,vox lux,0.181212
letterboxd-mariohervas-2026-03-04-17-51-utc,all that jazz,0.211994
letterboxd-mariohervas-2026-03-04-17-51-utc,princess mononoke,0.181709
letterboxd-mariohervas-2026-03-04-17-51-utc,joker,0.242944
letterboxd-mariohervas-2026-03-04-17-51-utc,mysterious skin,0.242944
letterboxd-mariohervas-2026-03-04-17-51-utc,"synecdoche, new york",0.121805
letterboxd-mariohervas-2026-03-04-17-51-utc,i am cuba,0.274814
letterboxd-mariohervas-2026-03-04-17-51-utc,dog man,0.123485
letterboxd-mariohervas-2026-03-04-17-51-utc,companion,0.154357
letterboxd-mariohervas-2026-03-04-17-51-utc,twin peaks: fire walk with me,0.278604
letterboxd-mariohervas-2026-03-04-17-51-utc,spirited away,0.186246
letterboxd-mariohervas-2026-03-04-17-51-utc,climax,0.218481
letterboxd-mariohervas-2026-03-04-17-51-utc,the wild robot,0.218481
letterboxd-mariohervas-2026-03-04-17-51-utc,lost highway,0.249692
letterboxd-mariohervas-2026-03-04-17-51-utc,neon genesis evangelion: the end of evangelion,0.250377
letterboxd-mariohervas-2026-03-04-17-51-utc,evangelion: 1.0 you are (not) alone,0.187783
letterboxd-mariohervas-2026-03-04-17-51-utc,evangelion: 2.0 you can (not) advance,0.188298
letterboxd-mariohervas-2026-03-04-17-51-utc,the order,0.188298
letterboxd-mariohervas-2026-03-04-17-51-utc,evangelion: 3.0 you can (not) redo,0.156915
letterboxd-mariohervas-2026-03-04-17-51-utc,a brighter summer day,0.251064
letterboxd-mariohervas-2026-03-04-17-51-utc,evangelion: 3.0+1.0 thrice upon a time,0.189333
letterboxd-mariohervas-2026-03-04-17-51-utc,state of siege,0.283999
letterboxd-mariohervas-2026-03-04-17-51-utc,the seventh continent,0.253136
letterboxd-mariohervas-2026-03-04-17-51-utc,mishima: a life in four chapters,0.126915
letterboxd-mariohervas-2026-03-04-17-51-utc,the grand budapest hotel,0.285559
letterboxd-mariohervas-2026-03-04-17-51-utc,perfect blue,0.254527
letterboxd-mariohervas-2026-03-04-17-51-utc,the conversation,0.159953
letterboxd-mariohervas-2026-03-04-17-51-utc,one last deal,0.128314
letterboxd-mariohervas-2026-03-04-17-51-utc,babygirl,0.096235
letterboxd-mariohervas-2026-03-04-17-51-utc,the childhood of a leader,0.096499
letterboxd-mariohervas-2026-03-04-17-51-utc,three colours: blue,0.192999
letterboxd-mariohervas-2026-03-04-17-51-utc,three colours: white,0.225783
letterboxd-mariohervas-2026-03-04-17-51-utc,three colours: red,0.226402
letterboxd-mariohervas-2026-03-04-17-51-utc,the monkey,0.162604
letterboxd-mariohervas-2026-03-04-17-51-utc,i'm still here,0.260881
letterboxd-mariohervas-2026-03-04-17-51-utc,conclave,0.228897
letterboxd-mariohervas-2026-03-04-17-51-utc,deep red,0.196736
letterboxd-mariohervas-2026-03-04-17-51-utc,arrival,0.295104
letterboxd-mariohervas-2026-03-04-17-51-utc,vivarium,0.065758
letterboxd-mariohervas-2026-03-04-17-51-utc,bones and all,0.197275
letterboxd-mariohervas-2026-03-04-17-51-utc,satantango,0.296725
letterboxd-mariohervas-2026-03-04-17-51-utc,nickel boys,0.265205
letterboxd-mariohervas-2026-03-04-17-51-utc,a complete unknown,0.198904
letterboxd-mariohervas-2026-03-04-17-51-utc,moonlight,0.265932
letterboxd-mariohervas-2026-03-04-17-51-utc,la cocina,0.099725
letterboxd-mariohervas-2026-03-04-17-51-utc,napoleon,0.233329
letterboxd-mariohervas-2026-03-04-17-51-utc,bottle rocket,0.233329
letterboxd-mariohervas-2026-03-04-17-51-utc,the fountainhead,0.200545
letterboxd-mariohervas-2026-03-04-17-51-utc,caché,0.268127
letterboxd-mariohervas-2026-03-04-17-51-utc,the taste of things,0.134431
letterboxd-mariohervas-2026-03-04-17-51-utc,anora,0.302471
letterboxd-mariohervas-2026-03-04-17-51-utc,the florida project,0.2359
letterboxd-mariohervas-2026-03-04-17-51-utc,carlito's way,0.27034
letterboxd-mariohervas-2026-03-04-17-51-utc,here,0.168962
letterboxd-mariohervas-2026-03-04-17-51-utc,rushmore,0.203869
letterboxd-mariohervas-2026-03-04-17-51-utc,red rocket,0.2385
letterboxd-mariohervas-2026-03-04-17-51-utc,uncle boonmee who can recall his past lives,0.204989
letterboxd-mariohervas-2026-03-04-17-51-utc,the white ribbon,0.239154
letterboxd-mariohervas-2026-03-04-17-51-utc,the piano teacher,0.273319
letterboxd-mariohervas-2026-03-04-17-51-utc,live flesh,0.23981
letterboxd-mariohervas-2026-03-04-17-51-utc,"jeanne dielman, 23, quai du commerce, 1080 bruxelles",0.23981
letterboxd-mariohervas-2026-03-04-17-51-utc,the executioner,0.241789
letterboxd-mariohervas-2026-03-04-17-51-utc,love exposure,0.17318
letterboxd-mariohervas-2026-03-04-17-51-utc,mickey 17,0.207817
letterboxd-mariohervas-2026-03-04-17-51-utc,fantastic mr. fox,0.242453
letterboxd-mariohervas-2026-03-04-17-51-utc,moonrise kingdom,0.208387
letterboxd-mariohervas-2026-03-04-17-51-utc,the tree of life,0.347311
letterboxd-mariohervas-2026-03-04-17-51-utc,sunset boulevard,0.243785
letterboxd-mariohervas-2026-03-04-17-51-utc,rear window,0.243785
letterboxd-mariohervas-2026-03-04-17-51-utc,babylon,0.244454
letterboxd-mariohervas-2026-03-04-17-51-utc,kneecap,0.210107
letterboxd-mariohervas-2026-03-04-17-51-utc,we're all going to the world's fair,0.175089
letterboxd-mariohervas-2026-03-04-17-51-utc,fallen angels,0.212422
letterboxd-mariohervas-2026-03-04-17-51-utc,cloud,0.212422
letterboxd-mariohervas-2026-03-04-17-51-utc,the lord of the rings: the fellowship of the ring,0.251244
letterboxd-mariohervas-2026-03-04-17-51-utc,the lord of the rings: the two towers,0.257516
letterboxd-mariohervas-2026-03-04-17-51-utc,blue velvet,0.261067
letterboxd-mariohervas-2026-03-04-17-51-utc,how to make millions before grandma dies,0.262502
letterboxd-mariohervas-2026-03-04-17-51-utc,warfare,0.263222
letterboxd-mariohervas-2026-03-04-17-51-utc,black bag,0.150413
letterboxd-mariohervas-2026-03-04-17-51-utc,escape,0.15207
letterboxd-mariohervas-2026-03-04-17-51-utc,wild at heart,0.266123
letterboxd-mariohervas-2026-03-04-17-51-utc,the big lebowski,0.228731
letterboxd-mariohervas-2026-03-04-17-51-utc,take out,0.229358
letterboxd-mariohervas-2026-03-04-17-51-utc,ihostage,0.076873
letterboxd-mariohervas-2026-03-04-17-51-utc,badlands,0.231886
letterboxd-mariohervas-2026-03-04-17-51-utc,days of heaven,0.236376
letterboxd-mariohervas-2026-03-04-17-51-utc,thunderbolts*,0.198605
letterboxd-mariohervas-2026-03-04-17-51-utc,la la land,0.359454
letterboxd-mariohervas-2026-03-04-17-51-utc,bullet train explosion,0.080759
letterboxd-mariohervas-2026-03-04-17-51-utc,breathless,0.26886
letterboxd-mariohervas-2026-03-04-17-51-utc,the phoenician scheme,0.31367
letterboxd-mariohervas-2026-03-04-17-51-utc,spring breakers,0.184724
letterboxd-mariohervas-2026-03-04-17-51-utc,sinners,0.419059
letterboxd-mariohervas-2026-03-04-17-51-utc,a girl walks home alone at night,0.280908
letterboxd-mariohervas-2026-03-04-17-51-utc,mulholland drive,0.475939
letterboxd-mariohervas-2026-03-04-17-51-utc,superman,0.286347
letterboxd-mariohervas-2026-03-04-17-51-utc,pickpocket,0.144751
letterboxd-mariohervas-2026-03-04-17-51-utc,babies don't come with instructions,0.243243
letterboxd-mariohervas-2026-03-04-17-51-utc,the marching band,0.291891
letterboxd-mariohervas-2026-03-04-17-51-utc,the amateur,0.195128
letterboxd-mariohervas-2026-03-04-17-51-utc,deep cover,0.244579
letterboxd-mariohervas-2026-03-04-17-51-utc,black dog,0.2943
letterboxd-mariohervas-2026-03-04-17-51-utc,paprika,0.297543
letterboxd-mariohervas-2026-03-04-17-51-utc,audition,0.397813
letterboxd-mariohervas-2026-03-04-17-51-utc,porco rosso,0.348086
letterboxd-mariohervas-2026-03-04-17-51-utc,fireworks,0.349999
letterboxd-mariohervas-2026-03-04-17-51-utc,outrage,0.249999
letterboxd-mariohervas-2026-03-04-17-51-utc,brother,0.300822
letterboxd-mariohervas-2026-03-04-17-51-utc,yi yi,0.350959
letterboxd-mariohervas-2026-03-04-17-51-utc,high and low,0.402196
letterboxd-mariohervas-2026-03-04-17-51-utc,a man escaped,0.302475
letterboxd-mariohervas-2026-03-04-17-51-utc,le trou,0.352887
letterboxd-mariohervas-2026-03-04-17-51-utc,the fantastic 4: first steps,0.252754
letterboxd-mariohervas-2026-03-04-17-51-utc,funny games,0.304137
letterboxd-mariohervas-2026-03-04-17-51-utc,double indemnity,0.408862
letterboxd-mariohervas-2026-03-04-17-51-utc,before sunset,0.204431
letterboxd-mariohervas-2026-03-04-17-51-utc,f1,0.357755
letterboxd-mariohervas-2026-03-04-17-51-utc,it comes at night,0.357755
letterboxd-mariohervas-2026-03-04-17-51-utc,some like it hot,0.306647
letterboxd-mariohervas-2026-03-04-17-51-utc,how to make a killing,0.153323
letterboxd-mariohervas-2026-03-04-17-51-utc,mid90s,0.308332
letterboxd-mariohervas-2026-03-04-17-51-utc,band of outsiders,0.360707
letterboxd-mariohervas-2026-03-04-17-51-utc,barbarian,0.360707
letterboxd-mariohervas-2026-03-04-17-51-utc,weapons,0.309178
letterboxd-mariohervas-2026-03-04-17-51-utc,pacifiction,0.310026
letterboxd-mariohervas-2026-03-04-17-51-utc,the killer,0.466315
letterboxd-mariohervas-2026-03-04-17-51-utc,women on the verge of a nervous breakdown,0.363684
letterboxd-mariohervas-2026-03-04-17-51-utc,good will hunting,0.367692
letterboxd-mariohervas-2026-03-04-17-51-utc,sing sing,0.367692
letterboxd-mariohervas-2026-03-04-17-51-utc,mission: impossible – the final reckoning,0.371743
letterboxd-mariohervas-2026-03-04-17-51-utc,materialists,0.214178
letterboxd-mariohervas-2026-03-04-17-51-utc,heads of state,0.107677
letterboxd-mariohervas-2026-03-04-17-51-utc,the naked gun,0.324807
letterboxd-mariohervas-2026-03-04-17-51-utc,superbad,0.273655
letterboxd-mariohervas-2026-03-04-17-51-utc,speed racer,0.440254
letterboxd-mariohervas-2026-03-04-17-51-utc,12 hour shift,0.165548
letterboxd-mariohervas-2026-03-04-17-51-utc,the conjuring: last rites,0.221944
letterboxd-mariohervas-2026-03-04-17-51-utc,shang-chi and the legend of the ten rings,0.173441
letterboxd-mariohervas-2026-03-04-17-51-utc,dark phoenix,0.115627
letterboxd-mariohervas-2026-03-04-17-51-utc,x-men: apocalypse,0.173441
letterboxd-mariohervas-2026-03-04-17-51-utc,alita: battle angel,0.173441
letterboxd-mariohervas-2026-03-04-17-51-utc,the matrix resurrections,0.115627
letterboxd-mariohervas-2026-03-04-17-51-utc,terminator genisys,0.115627
letterboxd-mariohervas-2026-03-04-17-51-utc,jackie brown,0.174394
letterboxd-mariohervas-2026-03-04-17-51-utc,death proof,0.232525
letterboxd-mariohervas-2026-03-04-17-51-utc,the wolf of wall street,0.5275
letterboxd-mariohervas-2026-03-04-17-51-utc,"lock, stock and two smoking barrels",0.293055
letterboxd-mariohervas-2026-03-04-17-51-utc,blade runner 2049,0.5275
letterboxd-mariohervas-2026-03-04-17-51-utc,gone girl,0.5275
letterboxd-mariohervas-2026-03-04-17-51-utc,mank,0.117222
letterboxd-mariohervas-2026-03-04-17-51-utc,the curious case of benjamin button,0.293055
letterboxd-mariohervas-2026-03-04-17-51-utc,zodiac,0.5275
letterboxd-mariohervas-2026-03-04-17-51-utc,men in black: international,0.117544
letterboxd-mariohervas-2026-03-04-17-51-utc,the bfg,0.117544
letterboxd-mariohervas-2026-03-04-17-51-utc,warrior,0.470175
letterboxd-mariohervas-2026-03-04-17-51-utc,the handmaiden,0.528947
letterboxd-mariohervas-2026-03-04-17-51-utc,f9,0.117544
letterboxd-mariohervas-2026-03-04-17-51-utc,the fate of the furious,0.117544
letterboxd-mariohervas-2026-03-04-17-51-utc,red,0.176316
letterboxd-mariohervas-2026-03-04-17-51-utc,john wick: chapter 2,0.293859
letterboxd-mariohervas-2026-03-04-17-51-utc,vortex,0.352631
letterboxd-mariohervas-2026-03-04-17-51-utc,lone survivor,0.235087
letterboxd-mariohervas-2026-03-04-17-51-utc,upgrade,0.528947
letterboxd-mariohervas-2026-03-04-17-51-utc,justice league,0.117544
letterboxd-mariohervas-2026-03-04-17-51-utc,fantastic four,0.117544
letterboxd-mariohervas-2026-03-04-17-51-utc,the first purge,0.176316
letterboxd-mariohervas-2026-03-04-17-51-utc,no time to die,0.293859
letterboxd-mariohervas-2026-03-04-17-51-utc,quantum of solace,0.176316
letterboxd-mariohervas-2026-03-04-17-51-utc,titane,0.293859
letterboxd-mariohervas-2026-03-04-17-51-utc,godzilla vs. kong,0.117544
letterboxd-mariohervas-2026-03-04-17-51-utc,venom,0.293859
letterboxd-mariohervas-2026-03-04-17-51-utc,the suicide squad,0.235087
letterboxd-mariohervas-2026-03-04-17-51-utc,harry potter and the philosopher's stone,0.293859
letterboxd-mariohervas-2026-03-04-17-51-utc,deadpool,0.293859
letterboxd-mariohervas-2026-03-04-17-51-utc,deadpool 2,0.352631
letterboxd-mariohervas-2026-03-04-17-51-utc,shazam!,0.293859
letterboxd-mariohervas-2026-03-04-17-51-utc,it,0.352631
letterboxd-mariohervas-2026-03-04-17-51-utc,divergent,0.117544
letterboxd-mariohervas-2026-03-04-17-51-utc,zombieland: double tap,0.176316
letterboxd-mariohervas-2026-03-04-17-51-utc,suicide squad,0.117544
letterboxd-mariohervas-2026-03-04-17-51-utc,one battle after another,0.472758
letterboxd-mariohervas-2026-03-04-17-51-utc,natural born killers,0.177284
letterboxd-mariohervas-2026-03-04-17-51-utc,nomadland,0.177284
letterboxd-mariohervas-2026-03-04-17-51-utc,wonder woman 1984,0.059095
letterboxd-mariohervas-2026-03-04-17-51-utc,after earth,0.11819
letterboxd-mariohervas-2026-03-04-17-51-utc,deaf,0.472758
letterboxd-mariohervas-2026-03-04-17-51-utc,oblivion,0.295474
letterboxd-mariohervas-2026-03-04-17-51-utc,the hobbit: an unexpected journey,0.295474
letterboxd-mariohervas-2026-03-04-17-51-utc,the hobbit: the desolation of smaug,0.295474
letterboxd-mariohervas-2026-03-04-17-51-utc,jumanji: welcome to the jungle,0.236379
letterboxd-mariohervas-2026-03-04-17-51-utc,twilight,0.11819
letterboxd-mariohervas-2026-03-04-17-51-utc,angel has fallen,0.177284
letterboxd-mariohervas-2026-03-04-17-51-utc,phantom thread,0.414798
letterboxd-mariohervas-2026-03-04-17-51-utc,little monsters,0.296285
letterboxd-mariohervas-2026-03-04-17-51-utc,fire will come,0.355542
letterboxd-mariohervas-2026-03-04-17-51-utc,licorice pizza,0.355542
letterboxd-mariohervas-2026-03-04-17-51-utc,the master,0.474055
letterboxd-mariohervas-2026-03-04-17-51-utc,before the devil knows you're dead,0.414798
letterboxd-mariohervas-2026-03-04-17-51-utc,monster,0.533312
letterboxd-mariohervas-2026-03-04-17-51-utc,caught stealing,0.357495
letterboxd-mariohervas-2026-03-04-17-51-utc,the battle of algiers,0.536243
letterboxd-mariohervas-2026-03-04-17-51-utc,the smashing machine,0.302022
letterboxd-mariohervas-2026-03-04-17-51-utc,humanist vampire seeking consenting suicidal person,0.427489
letterboxd-mariohervas-2026-03-04-17-51-utc,tron: ares,0.18321
letterboxd-mariohervas-2026-03-04-17-51-utc,3-iron,0.433386
letterboxd-mariohervas-2026-03-04-17-51-utc,springsteen: deliver me from nowhere,0.381792
letterboxd-mariohervas-2026-03-04-17-51-utc,the long walk,0.390252
letterboxd-mariohervas-2026-03-04-17-51-utc,sundays,0.455294
letterboxd-mariohervas-2026-03-04-17-51-utc,together,0.391323
letterboxd-mariohervas-2026-03-04-17-51-utc,the aura,0.391323
letterboxd-mariohervas-2026-03-04-17-51-utc,good boy,0.326102
letterboxd-mariohervas-2026-03-04-17-51-utc,bugonia,0.46284
letterboxd-mariohervas-2026-03-04-17-51-utc,mad god,0.536256
letterboxd-mariohervas-2026-03-04-17-51-utc,die my love,0.539202
letterboxd-mariohervas-2026-03-04-17-51-utc,now you see me: now you don't,0.337926
letterboxd-mariohervas-2026-03-04-17-51-utc,frankenstein,0.47831
letterboxd-mariohervas-2026-03-04-17-51-utc,robot dreams,0.61497
letterboxd-mariohervas-2026-03-04-17-51-utc,wicked: for good,0.344469
letterboxd-mariohervas-2026-03-04-17-51-utc,shutter island,0.487571
letterboxd-mariohervas-2026-03-04-17-51-utc,no other choice,0.487571
letterboxd-mariohervas-2026-03-04-17-51-utc,aro berria,0.421367
letterboxd-mariohervas-2026-03-04-17-51-utc,five nights at freddy's 2,0.214176
letterboxd-mariohervas-2026-03-04-17-51-utc,the naked gun: from the files of police squad!,0.358921
letterboxd-mariohervas-2026-03-04-17-51-utc,sentimental value,0.291097
letterboxd-mariohervas-2026-03-04-17-51-utc,train dreams,0.583791
letterboxd-mariohervas-2026-03-04-17-51-utc,avatar: fire and ash,0.375004
letterboxd-mariohervas-2026-03-04-17-51-utc,wake up dead man,0.525006
letterboxd-mariohervas-2026-03-04-17-51-utc,airplane!,0.300003
letterboxd-mariohervas-2026-03-04-17-51-utc,reflection in a dead diamond,0.52789
letterboxd-mariohervas-2026-03-04-17-51-utc,when harry met sally...,0.689965
letterboxd-mariohervas-2026-03-04-17-51-utc,eternity,0.544042
letterboxd-mariohervas-2026-03-04-17-51-utc,romería,0.647846
letterboxd-mariohervas-2026-03-04-17-51-utc,28 years later,0.485884
letterboxd-mariohervas-2026-03-04-17-51-utc,28 years later: the bone temple,0.566865
letterboxd-mariohervas-2026-03-04-17-51-utc,the mastermind,0.485884
letterboxd-mariohervas-2026-03-04-17-51-utc,the thin red line,0.728827
letterboxd-mariohervas-2026-03-04-17-51-utc,marty supreme,0.816491
letterboxd-mariohervas-2026-03-04-17-51-utc,hamnet,0.654985
letterboxd-mariohervas-2026-03-04-17-51-utc,mads,0.16646
letterboxd-mariohervas-2026-03-04-17-51-utc,annie hall,0.254525
letterboxd-mariohervas-2026-03-04-17-51-utc,manhattan,0.510446
letterboxd-mariohervas-2026-03-04-17-51-utc,l'eclisse,0.085542
letterboxd-mariohervas-2026-03-04-17-51-utc,blow-up,0.77836
letterboxd-mariohervas-2026-03-04-17-51-utc,10 things i hate about you,0.871982
letterboxd-mariohervas-2026-03-04-17-51-utc,dodes'ka-den,0.34975
letterboxd-mariohervas-2026-03-04-17-51-utc,the secret agent,0.442005
letterboxd-withloveclau-2026-02-28-12-46-utc,bohemian rhapsody,0.000493
letterboxd-withloveclau-2026-02-28-12-46-utc,the green mile,0.000657
letterboxd-withloveclau-2026-02-28-12-46-utc,la la land,0.000822
letterboxd-withloveclau-2026-02-28-12-46-utc,dead poets society,0.000822
letterboxd-withloveclau-2026-02-28-12-46-utc,inception,0.000822
letterboxd-withloveclau-2026-02-28-12-46-utc,se7en,0.000822
letterboxd-withloveclau-2026-02-28-12-46-utc,star wars,0.000493
letterboxd-withloveclau-2026-02-28-12-46-utc,the lion king,0.000493
letterboxd-withloveclau-2026-02-28-12-46-utc,back to the future,0.000822
letterboxd-withloveclau-2026-02-28-12-46-utc,raiders of the lost ark,0.000657
letterboxd-withloveclau-2026-02-28-12-46-utc,toy story,0.000493
letterboxd-withloveclau-2026-02-28-12-46-utc,memento,0.000822
letterboxd-withloveclau-2026-02-28-12-46-utc,blade runner,0.00074
letterboxd-withloveclau-2026-02-28-12-46-utc,interstellar,0.000822
letterboxd-withloveclau-2026-02-28-12-46-utc,les misérables,0.003623
letterboxd-withloveclau-2026-02-28-12-46-utc,to kill a mockingbird,0.000708
letterboxd-withloveclau-2026-02-28-12-46-utc,isn't it romantic,0.000354
letterboxd-withloveclau-2026-02-28-12-46-utc,the nightmare before christmas,0.000708
letterboxd-withloveclau-2026-02-28-12-46-utc,school of rock,0.000708
letterboxd-withloveclau-2026-02-28-12-46-utc,clueless,0.000442
letterboxd-withloveclau-2026-02-28-12-46-utc,amélie,0.000708
letterboxd-withloveclau-2026-02-28-12-46-utc,the king's speech,0.000812
letterboxd-withloveclau-2026-02-28-12-46-utc,dumbo,0.000541
letterboxd-withloveclau-2026-02-28-12-46-utc,the edge of seventeen,0.000812
letterboxd-withloveclau-2026-02-28-12-46-utc,the polar express,9e-05
letterboxd-withloveclau-2026-02-28-12-46-utc,minority report,0.000549
letterboxd-withloveclau-2026-02-28-12-46-utc,forrest gump,0.000823
letterboxd-withloveclau-2026-02-28-12-46-utc,groundhog day,0.00064
letterboxd-withloveclau-2026-02-28-12-46-utc,the greatest showman,0.00064
letterboxd-withloveclau-2026-02-28-12-46-utc,captain fantastic,0.000732
letterboxd-withloveclau-2026-02-28-12-46-utc,titanic,0.000549
letterboxd-withloveclau-2026-02-28-12-46-utc,set it up,0.000549
letterboxd-withloveclau-2026-02-28-12-46-utc,the intouchables,0.000732
letterboxd-withloveclau-2026-02-28-12-46-utc,footloose,0.000457
letterboxd-withloveclau-2026-02-28-12-46-utc,ocean's eight,0.000549
letterboxd-withloveclau-2026-02-28-12-46-utc,ex machina,0.000457
letterboxd-withloveclau-2026-02-28-12-46-utc,billy elliot,0.000732
letterboxd-withloveclau-2026-02-28-12-46-utc,black mirror: bandersnatch,0.00064
letterboxd-withloveclau-2026-02-28-12-46-utc,in the heart of the sea,0.000549
letterboxd-withloveclau-2026-02-28-12-46-utc,amadeus,0.000732
letterboxd-withloveclau-2026-02-28-12-46-utc,four weddings and a funeral,0.000823
letterboxd-withloveclau-2026-02-28-12-46-utc,willy wonka & the chocolate factory,0.00064
letterboxd-withloveclau-2026-02-28-12-46-utc,the shape of water,0.000549
letterboxd-withloveclau-2026-02-28-12-46-utc,"love, simon",0.00064
letterboxd-withloveclau-2026-02-28-12-46-utc,kubo and the two strings,0.000549
letterboxd-withloveclau-2026-02-28-12-46-utc,begin again,0.000732
letterboxd-withloveclau-2026-02-28-12-46-utc,mean girls,0.065479
letterboxd-withloveclau-2026-02-28-12-46-utc,get out,0.000736
letterboxd-withloveclau-2026-02-28-12-46-utc,the matrix,0.00083
letterboxd-withloveclau-2026-02-28-12-46-utc,"the adventures of priscilla, queen of the desert",0.00083
letterboxd-withloveclau-2026-02-28-12-46-utc,the birdcage,0.00083
letterboxd-withloveclau-2026-02-28-12-46-utc,jumanji,0.000645
letterboxd-withloveclau-2026-02-28-12-46-utc,mrs. doubtfire,0.000738
letterboxd-withloveclau-2026-02-28-12-46-utc,the kissing booth,9.2e-05
letterboxd-withloveclau-2026-02-28-12-46-utc,to all the boys i've loved before,0.000369
letterboxd-withloveclau-2026-02-28-12-46-utc,sierra burgess is a loser,0.000184
letterboxd-withloveclau-2026-02-28-12-46-utc,spf-18,0.000277
letterboxd-withloveclau-2026-02-28-12-46-utc,how to build a better boy,9.2e-05
letterboxd-withloveclau-2026-02-28-12-46-utc,the game,0.00083
letterboxd-withloveclau-2026-02-28-12-46-utc,the terminator,0.000556
letterboxd-withloveclau-2026-02-28-12-46-utc,big fish,0.000742
letterboxd-withloveclau-2026-02-28-12-46-utc,black panther,0.000371
letterboxd-withloveclau-2026-02-28-12-46-utc,like father,0.000463
letterboxd-withloveclau-2026-02-28-12-46-utc,okja,0.000649
letterboxd-withloveclau-2026-02-28-12-46-utc,first man,0.000465
letterboxd-withloveclau-2026-02-28-12-46-utc,allegiant,9.3e-05
letterboxd-withloveclau-2026-02-28-12-46-utc,mamma mia! here we go again,0.000372
letterboxd-withloveclau-2026-02-28-12-46-utc,the duff,0.000372
letterboxd-withloveclau-2026-02-28-12-46-utc,expelled,0.000186
letterboxd-withloveclau-2026-02-28-12-46-utc,indiana jones and the last crusade,0.000652
letterboxd-withloveclau-2026-02-28-12-46-utc,batman begins,0.000559
letterboxd-withloveclau-2026-02-28-12-46-utc,nerve,0.00028
letterboxd-withloveclau-2026-02-28-12-46-utc,the goonies,0.000746
letterboxd-withloveclau-2026-02-28-12-46-utc,jupiter ascending,9.3e-05
letterboxd-withloveclau-2026-02-28-12-46-utc,the perfect date,0.00028
letterboxd-withloveclau-2026-02-28-12-46-utc,how to train your dragon,0.000373
letterboxd-withloveclau-2026-02-28-12-46-utc,how to train your dragon 2,0.00028
letterboxd-withloveclau-2026-02-28-12-46-utc,harry potter and the chamber of secrets,0.000559
letterboxd-withloveclau-2026-02-28-12-46-utc,home alone,0.000652
letterboxd-withloveclau-2026-02-28-12-46-utc,the spongebob squarepants movie,0.00028
letterboxd-withloveclau-2026-02-28-12-46-utc,bridget jones: the edge of reason,0.000466
letterboxd-withloveclau-2026-02-28-12-46-utc,mary poppins returns,0.000559
letterboxd-withloveclau-2026-02-28-12-46-utc,jurassic park,0.000559
letterboxd-withloveclau-2026-02-28-12-46-utc,little shop of horrors,0.000746
letterboxd-withloveclau-2026-02-28-12-46-utc,fantastic beasts and where to find them,0.000467
letterboxd-withloveclau-2026-02-28-12-46-utc,hidden figures,0.000561
letterboxd-withloveclau-2026-02-28-12-46-utc,mission: impossible – fallout,0.000187
letterboxd-withloveclau-2026-02-28-12-46-utc,bao,0.000561
letterboxd-withloveclau-2026-02-28-12-46-utc,a quiet place,0.000654
letterboxd-withloveclau-2026-02-28-12-46-utc,the boss baby,0.000187
letterboxd-withloveclau-2026-02-28-12-46-utc,rogue one: a star wars story,0.000374
letterboxd-withloveclau-2026-02-28-12-46-utc,paper towns,0.00028
letterboxd-withloveclau-2026-02-28-12-46-utc,kingsman: the secret service,9.3e-05
letterboxd-withloveclau-2026-02-28-12-46-utc,over the garden wall,0.000935
letterboxd-withloveclau-2026-02-28-12-46-utc,radio rebel,0.000187
letterboxd-withloveclau-2026-02-28-12-46-utc,geek charming,0.000187
letterboxd-withloveclau-2026-02-28-12-46-utc,beverly hills chihuahua 2,9.3e-05
letterboxd-withloveclau-2026-02-28-12-46-utc,percy jackson & the olympians: the lightning thief,0.00028
letterboxd-withloveclau-2026-02-28-12-46-utc,ready player one,0.000467
letterboxd-withloveclau-2026-02-28-12-46-utc,how the beatles changed the world,0.000469
letterboxd-withloveclau-2026-02-28-12-46-utc,suicide squad,9.4e-05
letterboxd-withloveclau-2026-02-28-12-46-utc,crazy rich asians,0.000562
letterboxd-withloveclau-2026-02-28-12-46-utc,someone great,0.000471
letterboxd-withloveclau-2026-02-28-12-46-utc,unbreakable,0.000669
letterboxd-withloveclau-2026-02-28-12-46-utc,e.t. the extra-terrestrial,0.000678
letterboxd-withloveclau-2026-02-28-12-46-utc,jurassic world: fallen kingdom,0.000304
letterboxd-withloveclau-2026-02-28-12-46-utc,kingsman: the golden circle,0.000304
letterboxd-withloveclau-2026-02-28-12-46-utc,letters to juliet,0.000607
letterboxd-withloveclau-2026-02-28-12-46-utc,léon: the professional,0.000812
letterboxd-withloveclau-2026-02-28-12-46-utc,rocketman,0.000846
letterboxd-withloveclau-2026-02-28-12-46-utc,booksmart,0.000983
letterboxd-withloveclau-2026-02-28-12-46-utc,black mirror: striking vipers,0.000328
letterboxd-withloveclau-2026-02-28-12-46-utc,"black mirror: rachel, jack and ashley too",0.000437
letterboxd-withloveclau-2026-02-28-12-46-utc,20th century women,0.000546
letterboxd-withloveclau-2026-02-28-12-46-utc,the breakfast club,0.000881
letterboxd-withloveclau-2026-02-28-12-46-utc,black mirror: smithereens,0.000775
letterboxd-withloveclau-2026-02-28-12-46-utc,beats,0.000333
letterboxd-withloveclau-2026-02-28-12-46-utc,once upon a time... in hollywood,0.000783
letterboxd-withloveclau-2026-02-28-12-46-utc,generation wealth,0.000783
letterboxd-withloveclau-2026-02-28-12-46-utc,kiki's delivery service,0.000786
letterboxd-withloveclau-2026-02-28-12-46-utc,dirty dancing,0.000527
letterboxd-withloveclau-2026-02-28-12-46-utc,jawbreaker,0.000658
letterboxd-withloveclau-2026-02-28-12-46-utc,the devil wears prada,0.001068
letterboxd-withloveclau-2026-02-28-12-46-utc,american history x,0.001211
letterboxd-withloveclau-2026-02-28-12-46-utc,black mirror: san junipero,0.000825
letterboxd-withloveclau-2026-02-28-12-46-utc,eye for an eye,0.000415
letterboxd-withloveclau-2026-02-28-12-46-utc,rilakkuma and kaoru,0.00083
letterboxd-withloveclau-2026-02-28-12-46-utc,tall girl,0.000285
letterboxd-withloveclau-2026-02-28-12-46-utc,summer camp island,0.001023
letterboxd-withloveclau-2026-02-28-12-46-utc,the perks of being a wallflower,0.001582
letterboxd-withloveclau-2026-02-28-12-46-utc,fight club,0.001582
letterboxd-withloveclau-2026-02-28-12-46-utc,the silence of the lambs,0.001423
letterboxd-withloveclau-2026-02-28-12-46-utc,edward scissorhands,0.001265
letterboxd-withloveclau-2026-02-28-12-46-utc,gilmore girls: a year in the life,0.000161
letterboxd-withloveclau-2026-02-28-12-46-utc,pulp fiction,0.001612
letterboxd-withloveclau-2026-02-28-12-46-utc,apollo 11,0.001144
letterboxd-withloveclau-2026-02-28-12-46-utc,captains courageous,0.001144
letterboxd-withloveclau-2026-02-28-12-46-utc,easy a,0.000981
letterboxd-withloveclau-2026-02-28-12-46-utc,parasite,0.001311
letterboxd-withloveclau-2026-02-28-12-46-utc,black mirror: shut up and dance,0.001381
letterboxd-withloveclau-2026-02-28-12-46-utc,dave,0.001232
letterboxd-withloveclau-2026-02-28-12-46-utc,little women,0.210685
letterboxd-withloveclau-2026-02-28-12-46-utc,back to the future part ii,0.001483
letterboxd-withloveclau-2026-02-28-12-46-utc,back to the future part iii,0.001483
letterboxd-withloveclau-2026-02-28-12-46-utc,let it snow,0.00095
letterboxd-withloveclau-2026-02-28-12-46-utc,green book,0.000977
letterboxd-withloveclau-2026-02-28-12-46-utc,the circle,0.001172
letterboxd-withloveclau-2026-02-28-12-46-utc,don't f**k with cats: hunting an internet killer,0.000786
letterboxd-withloveclau-2026-02-28-12-46-utc,witness for the prosecution,0.001606
letterboxd-withloveclau-2026-02-28-12-46-utc,shaft,0.000607
letterboxd-withloveclau-2026-02-28-12-46-utc,watchmen,0.001641
letterboxd-withloveclau-2026-02-28-12-46-utc,marriage story,0.00166
letterboxd-withloveclau-2026-02-28-12-46-utc,sherlock: the great game,0.001682
letterboxd-withloveclau-2026-02-28-12-46-utc,sherlock: a scandal in belgravia,0.001682
letterboxd-withloveclau-2026-02-28-12-46-utc,sherlock: the reichenbach fall,0.001682
letterboxd-withloveclau-2026-02-28-12-46-utc,sherlock: the empty hearse,0.001682
letterboxd-withloveclau-2026-02-28-12-46-utc,sherlock: the sign of three,0.001682
letterboxd-withloveclau-2026-02-28-12-46-utc,sherlock: his last vow,0.001472
letterboxd-withloveclau-2026-02-28-12-46-utc,sherlock: the six thatchers,0.001472
letterboxd-withloveclau-2026-02-28-12-46-utc,sherlock: the lying detective,0.001472
letterboxd-withloveclau-2026-02-28-12-46-utc,sherlock: the final problem,0.001472
letterboxd-withloveclau-2026-02-28-12-46-utc,the godfather,0.001262
letterboxd-withloveclau-2026-02-28-12-46-utc,to all the boys: p.s. i still love you,0.000853
letterboxd-withloveclau-2026-02-28-12-46-utc,terminator 2: judgment day,0.001084
letterboxd-withloveclau-2026-02-28-12-46-utc,us,0.0013
letterboxd-withloveclau-2026-02-28-12-46-utc,good will hunting,0.001978
letterboxd-withloveclau-2026-02-28-12-46-utc,black mirror: white bear,0.001758
letterboxd-withloveclau-2026-02-28-12-46-utc,it,0.001551
letterboxd-withloveclau-2026-02-28-12-46-utc,one flew over the cuckoo's nest,0.001782
letterboxd-withloveclau-2026-02-28-12-46-utc,the specials,0.001355
letterboxd-withloveclau-2026-02-28-12-46-utc,trainspotting,0.002264
letterboxd-withloveclau-2026-02-28-12-46-utc,apollo 13,0.001812
letterboxd-withloveclau-2026-02-28-12-46-utc,the terminal,0.001812
letterboxd-withloveclau-2026-02-28-12-46-utc,notting hill,0.002038
letterboxd-withloveclau-2026-02-28-12-46-utc,the fifth element,0.001812
letterboxd-withloveclau-2026-02-28-12-46-utc,1917,0.001585
letterboxd-withloveclau-2026-02-28-12-46-utc,kill bill: vol. 1,0.002038
letterboxd-withloveclau-2026-02-28-12-46-utc,kill bill: vol. 2,0.001812
letterboxd-withloveclau-2026-02-28-12-46-utc,the emoji movie,0.000226
letterboxd-withloveclau-2026-02-28-12-46-utc,sausage party,0.000226
letterboxd-withloveclau-2026-02-28-12-46-utc,"tad, the lost explorer",0.000226
letterboxd-withloveclau-2026-02-28-12-46-utc,moonrise kingdom,0.002308
letterboxd-withloveclau-2026-02-28-12-46-utc,twinsters,0.0014
letterboxd-withloveclau-2026-02-28-12-46-utc,contagion,0.0014
letterboxd-withloveclau-2026-02-28-12-46-utc,beautiful boy,0.001638
letterboxd-withloveclau-2026-02-28-12-46-utc,seventeen,0.00142
letterboxd-withloveclau-2026-02-28-12-46-utc,heathers,0.00167
letterboxd-withloveclau-2026-02-28-12-46-utc,the money pit,0.001196
letterboxd-withloveclau-2026-02-28-12-46-utc,the platform,0.001439
letterboxd-withloveclau-2026-02-28-12-46-utc,invictus,0.001203
letterboxd-withloveclau-2026-02-28-12-46-utc,cube,0.001455
letterboxd-withloveclau-2026-02-28-12-46-utc,wonder,0.001455
letterboxd-withloveclau-2026-02-28-12-46-utc,grease,0.001698
letterboxd-withloveclau-2026-02-28-12-46-utc,yesterday,0.001219
letterboxd-withloveclau-2026-02-28-12-46-utc,primal fear,0.001956
letterboxd-withloveclau-2026-02-28-12-46-utc,frances ha,0.002207
letterboxd-withloveclau-2026-02-28-12-46-utc,the bling ring,0.001246
letterboxd-withloveclau-2026-02-28-12-46-utc,unicorn store,0.00126
letterboxd-withloveclau-2026-02-28-12-46-utc,murder on the orient express,0.001013
letterboxd-withloveclau-2026-02-28-12-46-utc,a rainy day in new york,0.002027
letterboxd-withloveclau-2026-02-28-12-46-utc,the stanford prison experiment,0.002027
letterboxd-withloveclau-2026-02-28-12-46-utc,spanish affair,0.001281
letterboxd-withloveclau-2026-02-28-12-46-utc,edge of tomorrow,0.001036
letterboxd-withloveclau-2026-02-28-12-46-utc,frozen ii,0.001558
letterboxd-withloveclau-2026-02-28-12-46-utc,napoleon dynamite,0.001558
letterboxd-withloveclau-2026-02-28-12-46-utc,money heist: the phenomenon,0.001558
letterboxd-withloveclau-2026-02-28-12-46-utc,corpse bride,0.002083
letterboxd-withloveclau-2026-02-28-12-46-utc,christopher robin,0.001823
letterboxd-withloveclau-2026-02-28-12-46-utc,ex libris: the new york public library,0.001324
letterboxd-withloveclau-2026-02-28-12-46-utc,spinners,0.001059
letterboxd-withloveclau-2026-02-28-12-46-utc,sixteen candles,0.000801
letterboxd-withloveclau-2026-02-28-12-46-utc,the da vinci code,0.001068
letterboxd-withloveclau-2026-02-28-12-46-utc,the maze runner,0.001068
letterboxd-withloveclau-2026-02-28-12-46-utc,a ghost story,0.001349
letterboxd-withloveclau-2026-02-28-12-46-utc,vertigo,0.001915
letterboxd-withloveclau-2026-02-28-12-46-utc,the sixth sense,0.001926
letterboxd-withloveclau-2026-02-28-12-46-utc,shutter island,0.001995
letterboxd-withloveclau-2026-02-28-12-46-utc,life itself,0.001143
letterboxd-withloveclau-2026-02-28-12-46-utc,the theory of everything,0.001739
letterboxd-withloveclau-2026-02-28-12-46-utc,l.a. confidential,0.002615
letterboxd-withloveclau-2026-02-28-12-46-utc,wildlife,0.001763
letterboxd-withloveclau-2026-02-28-12-46-utc,bad education,0.002073
letterboxd-withloveclau-2026-02-28-12-46-utc,as good as it gets,0.002079
letterboxd-withloveclau-2026-02-28-12-46-utc,it's kind of a funny story,0.001837
letterboxd-withloveclau-2026-02-28-12-46-utc,the virgin suicides,0.002469
letterboxd-withloveclau-2026-02-28-12-46-utc,black mirror: fifteen million merits,0.002483
letterboxd-withloveclau-2026-02-28-12-46-utc,black mirror: the waldo moment,0.001882
letterboxd-withloveclau-2026-02-28-12-46-utc,black mirror: white christmas,0.002196
letterboxd-withloveclau-2026-02-28-12-46-utc,submarine,0.002558
letterboxd-withloveclau-2026-02-28-12-46-utc,eternal sunshine of the spotless mind,0.001599
letterboxd-withloveclau-2026-02-28-12-46-utc,mona lisa smile,0.001919
letterboxd-withloveclau-2026-02-28-12-46-utc,the farewell,0.00258
letterboxd-withloveclau-2026-02-28-12-46-utc,some like it hot,0.002926
letterboxd-withloveclau-2026-02-28-12-46-utc,paddington 2,0.002651
letterboxd-withloveclau-2026-02-28-12-46-utc,the private life of sherlock holmes,0.001999
letterboxd-withloveclau-2026-02-28-12-46-utc,harry potter and the prisoner of azkaban,0.003351
letterboxd-withloveclau-2026-02-28-12-46-utc,military wives,0.001746
letterboxd-withloveclau-2026-02-28-12-46-utc,bend it like beckham,0.002444
letterboxd-withloveclau-2026-02-28-12-46-utc,the princess bride,0.001774
letterboxd-withloveclau-2026-02-28-12-46-utc,return of the jedi,0.002484
letterboxd-withloveclau-2026-02-28-12-46-utc,2001: a space odyssey,0.003549
letterboxd-withloveclau-2026-02-28-12-46-utc,the sound of music,0.002129
letterboxd-withloveclau-2026-02-28-12-46-utc,mary poppins,0.002484
letterboxd-withloveclau-2026-02-28-12-46-utc,alice in wonderland,0.002484
letterboxd-withloveclau-2026-02-28-12-46-utc,enola holmes,0.003212
letterboxd-withloveclau-2026-02-28-12-46-utc,greenland,0.002422
letterboxd-withloveclau-2026-02-28-12-46-utc,pride & prejudice,0.003693
letterboxd-withloveclau-2026-02-28-12-46-utc,stand by me,0.003301
letterboxd-withloveclau-2026-02-28-12-46-utc,quiz,0.002615
letterboxd-withloveclau-2026-02-28-12-46-utc,8 mile,0.003059
letterboxd-withloveclau-2026-02-28-12-46-utc,emma.,0.003496
letterboxd-withloveclau-2026-02-28-12-46-utc,philadelphia,0.003068
letterboxd-withloveclau-2026-02-28-12-46-utc,donnie darko,0.00317
letterboxd-withloveclau-2026-02-28-12-46-utc,the queen's gambit,0.004224
letterboxd-withloveclau-2026-02-28-12-46-utc,the commitments,0.004235
letterboxd-withloveclau-2026-02-28-12-46-utc,shakespeare in love,0.002975
letterboxd-withloveclau-2026-02-28-12-46-utc,hannibal,0.002975
letterboxd-withloveclau-2026-02-28-12-46-utc,my life as a zucchini,0.004474
letterboxd-withloveclau-2026-02-28-12-46-utc,love actually,0.004985
letterboxd-withloveclau-2026-02-28-12-46-utc,the midnight sky,0.002597
letterboxd-withloveclau-2026-02-28-12-46-utc,the minimalists: less is now,0.0021
letterboxd-withloveclau-2026-02-28-12-46-utc,fisherman's friends,0.003229
letterboxd-withloveclau-2026-02-28-12-46-utc,snatch,0.004938
letterboxd-withloveclau-2026-02-28-12-46-utc,the dark knight rises,0.003893
letterboxd-withloveclau-2026-02-28-12-46-utc,rushmore,0.003904
letterboxd-withloveclau-2026-02-28-12-46-utc,the wolf of wall street,0.005033
letterboxd-withloveclau-2026-02-28-12-46-utc,the fisher king,0.004046
letterboxd-withloveclau-2026-02-28-12-46-utc,miss americana,0.00523
letterboxd-withloveclau-2026-02-28-12-46-utc,promising young woman,0.004147
letterboxd-withloveclau-2026-02-28-12-46-utc,before sunrise,0.00594
letterboxd-withloveclau-2026-02-28-12-46-utc,portrait of a lady on fire,0.005465
letterboxd-withloveclau-2026-02-28-12-46-utc,her,0.006072
letterboxd-withloveclau-2026-02-28-12-46-utc,john tucker must die,0.003827
letterboxd-withloveclau-2026-02-28-12-46-utc,minari,0.004577
letterboxd-withloveclau-2026-02-28-12-46-utc,palm springs,0.004614
letterboxd-withloveclau-2026-02-28-12-46-utc,pride,0.005949
letterboxd-withloveclau-2026-02-28-12-46-utc,nomadland,0.003988
letterboxd-withloveclau-2026-02-28-12-46-utc,howl's moving castle,0.005317
letterboxd-withloveclau-2026-02-28-12-46-utc,hoosiers,0.004821
letterboxd-withloveclau-2026-02-28-12-46-utc,i care a lot,0.004294
letterboxd-withloveclau-2026-02-28-12-46-utc,the squid and the whale,0.005757
letterboxd-withloveclau-2026-02-28-12-46-utc,"torrente, the dumb arm of the law",0.004624
letterboxd-withloveclau-2026-02-28-12-46-utc,10 things i hate about you,0.00777
letterboxd-withloveclau-2026-02-28-12-46-utc,bo burnham: inside,0.007855
letterboxd-withloveclau-2026-02-28-12-46-utc,cruella,0.004818
letterboxd-withloveclau-2026-02-28-12-46-utc,circle,0.004092
letterboxd-withloveclau-2026-02-28-12-46-utc,the king of staten island,0.005745
letterboxd-withloveclau-2026-02-28-12-46-utc,baby driver,0.00584
letterboxd-withloveclau-2026-02-28-12-46-utc,the truman show,0.008505
letterboxd-withloveclau-2026-02-28-12-46-utc,in the heights,0.00597
letterboxd-withloveclau-2026-02-28-12-46-utc,a quiet place part ii,0.006069
letterboxd-withloveclau-2026-02-28-12-46-utc,rain man,0.007803
letterboxd-withloveclau-2026-02-28-12-46-utc,clue,0.004407
letterboxd-withloveclau-2026-02-28-12-46-utc,but i'm a cheerleader,0.006186
letterboxd-withloveclau-2026-02-28-12-46-utc,dark blue almost black,0.005361
letterboxd-withloveclau-2026-02-28-12-46-utc,molly's game,0.007148
letterboxd-withloveclau-2026-02-28-12-46-utc,pitch perfect,0.007148
letterboxd-withloveclau-2026-02-28-12-46-utc,almost famous,0.006535
letterboxd-withloveclau-2026-02-28-12-46-utc,the untouchables,0.007509
letterboxd-withloveclau-2026-02-28-12-46-utc,old,0.00582
letterboxd-withloveclau-2026-02-28-12-46-utc,nine queens,0.005852
letterboxd-withloveclau-2026-02-28-12-46-utc,zodiac,0.007824
letterboxd-withloveclau-2026-02-28-12-46-utc,the dark knight,0.008802
letterboxd-withloveclau-2026-02-28-12-46-utc,radio days,0.008108
letterboxd-withloveclau-2026-02-28-12-46-utc,split,0.007212
letterboxd-withloveclau-2026-02-28-12-46-utc,dune,0.010531
letterboxd-withloveclau-2026-02-28-12-46-utc,glass,0.005471
letterboxd-withloveclau-2026-02-28-12-46-utc,she's all that,0.005471
letterboxd-withloveclau-2026-02-28-12-46-utc,parallel mothers,0.006693
letterboxd-withloveclau-2026-02-28-12-46-utc,knives out,0.01015
letterboxd-withloveclau-2026-02-28-12-46-utc,downsizing,0.004624
letterboxd-withloveclau-2026-02-28-12-46-utc,"the french dispatch of the liberty, kansas evening sun",0.009452
letterboxd-withloveclau-2026-02-28-12-46-utc,"legally blonde 2: red, white & blonde",0.006006
letterboxd-withloveclau-2026-02-28-12-46-utc,enemy,0.003603
letterboxd-withloveclau-2026-02-28-12-46-utc,finch,0.007286
letterboxd-withloveclau-2026-02-28-12-46-utc,american psycho,0.011233
letterboxd-withloveclau-2026-02-28-12-46-utc,house of gucci,0.00893
letterboxd-withloveclau-2026-02-28-12-46-utc,the hurricane,0.009053
letterboxd-withloveclau-2026-02-28-12-46-utc,spider-man: into the spider-verse,0.010781
letterboxd-withloveclau-2026-02-28-12-46-utc,west side story,0.009964
letterboxd-withloveclau-2026-02-28-12-46-utc,the outsiders,0.011451
letterboxd-withloveclau-2026-02-28-12-46-utc,punch-drunk love,0.007157
letterboxd-withloveclau-2026-02-28-12-46-utc,being the ricardos,0.008754
letterboxd-withloveclau-2026-02-28-12-46-utc,the boy in the striped pyjamas,0.0059
letterboxd-withloveclau-2026-02-28-12-46-utc,the eyes of tammy faye,0.009273
letterboxd-withloveclau-2026-02-28-12-46-utc,the green knight,0.006182
letterboxd-withloveclau-2026-02-28-12-46-utc,the big short,0.014413
letterboxd-withloveclau-2026-02-28-12-46-utc,zombieland,0.013024
letterboxd-withloveclau-2026-02-28-12-46-utc,death on the nile,0.004884
letterboxd-withloveclau-2026-02-28-12-46-utc,pretty woman,0.011681
letterboxd-withloveclau-2026-02-28-12-46-utc,ferris bueller's day off,0.011745
letterboxd-withloveclau-2026-02-28-12-46-utc,saving private ryan,0.015267
letterboxd-withloveclau-2026-02-28-12-46-utc,slumdog millionaire,0.013571
letterboxd-withloveclau-2026-02-28-12-46-utc,fantastic beasts: the crimes of grindelwald,0.009133
letterboxd-withloveclau-2026-02-28-12-46-utc,the day of the beast,0.012786
letterboxd-withloveclau-2026-02-28-12-46-utc,zombieland: double tap,0.010989
letterboxd-withloveclau-2026-02-28-12-46-utc,worth,0.01102
letterboxd-withloveclau-2026-02-28-12-46-utc,the worst person in the world,0.019084
letterboxd-withloveclau-2026-02-28-12-46-utc,everything everywhere all at once,0.017946
letterboxd-withloveclau-2026-02-28-12-46-utc,erin brockovich,0.015919
letterboxd-withloveclau-2026-02-28-12-46-utc,brokeback mountain,0.023502
letterboxd-withloveclau-2026-02-28-12-46-utc,the purple rose of cairo,0.019752
letterboxd-withloveclau-2026-02-28-12-46-utc,take the money and run,0.017283
letterboxd-withloveclau-2026-02-28-12-46-utc,operation mincemeat,0.017378
letterboxd-withloveclau-2026-02-28-12-46-utc,memoirs of a geisha,0.012584
letterboxd-withloveclau-2026-02-28-12-46-utc,blinded by the light,0.015563
letterboxd-withloveclau-2026-02-28-12-46-utc,the amazing spider-man,0.018156
letterboxd-withloveclau-2026-02-28-12-46-utc,the amazing spider-man 2,0.012969
letterboxd-withloveclau-2026-02-28-12-46-utc,normal people,0.025938
letterboxd-withloveclau-2026-02-28-12-46-utc,zero dark thirty,0.018256
letterboxd-withloveclau-2026-02-28-12-46-utc,barton fink,0.010547
letterboxd-withloveclau-2026-02-28-12-46-utc,popstar: never stop never stopping,0.00791
letterboxd-withloveclau-2026-02-28-12-46-utc,hot summer nights,0.016083
letterboxd-withloveclau-2026-02-28-12-46-utc,the queen,0.016803
letterboxd-withloveclau-2026-02-28-12-46-utc,belfast,0.020708
letterboxd-withloveclau-2026-02-28-12-46-utc,boiling point,0.029583
letterboxd-withloveclau-2026-02-28-12-46-utc,carol,0.026625
letterboxd-withloveclau-2026-02-28-12-46-utc,do revenge,0.014792
letterboxd-withloveclau-2026-02-28-12-46-utc,not okay,0.014792
letterboxd-withloveclau-2026-02-28-12-46-utc,ready or not,0.011833
letterboxd-withloveclau-2026-02-28-12-46-utc,the great gatsby,0.011833
letterboxd-withloveclau-2026-02-28-12-46-utc,land of mine,0.026625
letterboxd-withloveclau-2026-02-28-12-46-utc,annie hall,0.029583
letterboxd-withloveclau-2026-02-28-12-46-utc,shiva baby,0.023667
letterboxd-withloveclau-2026-02-28-12-46-utc,"three billboards outside ebbing, missouri",0.021109
letterboxd-withloveclau-2026-02-28-12-46-utc,don't look up,0.018094
letterboxd-withloveclau-2026-02-28-12-46-utc,beetlejuice,0.01875
letterboxd-withloveclau-2026-02-28-12-46-utc,the 12th suspect,0.009504
letterboxd-withloveclau-2026-02-28-12-46-utc,queer you are,0.025344
letterboxd-withloveclau-2026-02-28-12-46-utc,east of eden,0.012777
letterboxd-withloveclau-2026-02-28-12-46-utc,hot fuzz,0.019165
letterboxd-withloveclau-2026-02-28-12-46-utc,chungking express,0.01927
letterboxd-withloveclau-2026-02-28-12-46-utc,stalker,0.025764
letterboxd-withloveclau-2026-02-28-12-46-utc,entergalactic,0.01628
letterboxd-withloveclau-2026-02-28-12-46-utc,lethal weapon,0.022918
letterboxd-withloveclau-2026-02-28-12-46-utc,gattaca,0.023234
letterboxd-withloveclau-2026-02-28-12-46-utc,the front page,0.026553
letterboxd-withloveclau-2026-02-28-12-46-utc,holmes & watson: madrid days,0.013496
letterboxd-withloveclau-2026-02-28-12-46-utc,cousinhood,0.023684
letterboxd-withloveclau-2026-02-28-12-46-utc,turning red,0.017578
letterboxd-withloveclau-2026-02-28-12-46-utc,sunshine on leith,0.02461
letterboxd-withloveclau-2026-02-28-12-46-utc,nope,0.010547
letterboxd-withloveclau-2026-02-28-12-46-utc,bones and all,0.017626
letterboxd-withloveclau-2026-02-28-12-46-utc,the menu,0.014101
letterboxd-withloveclau-2026-02-28-12-46-utc,anatomy of a murder,0.031728
letterboxd-withloveclau-2026-02-28-12-46-utc,it's a wonderful life,0.018216
letterboxd-withloveclau-2026-02-28-12-46-utc,monty python's the meaning of life,0.033515
letterboxd-withloveclau-2026-02-28-12-46-utc,all quiet on the western front,0.033607
letterboxd-withloveclau-2026-02-28-12-46-utc,goodfellas,0.029873
letterboxd-withloveclau-2026-02-28-12-46-utc,aftersun,0.037856
letterboxd-withloveclau-2026-02-28-12-46-utc,the pale blue eye,0.028223
letterboxd-withloveclau-2026-02-28-12-46-utc,the blues brothers,0.032343
letterboxd-withloveclau-2026-02-28-12-46-utc,marie antoinette,0.032343
letterboxd-withloveclau-2026-02-28-12-46-utc,miss sloane,0.0283
letterboxd-withloveclau-2026-02-28-12-46-utc,gosford park,0.016171
letterboxd-withloveclau-2026-02-28-12-46-utc,the batman,0.0283
letterboxd-withloveclau-2026-02-28-12-46-utc,le cercle rouge,0.024324
letterboxd-withloveclau-2026-02-28-12-46-utc,babylon,0.029976
letterboxd-withloveclau-2026-02-28-12-46-utc,the banshees of inisherin,0.030058
letterboxd-withloveclau-2026-02-28-12-46-utc,monty python and the holy grail,0.043413
letterboxd-withloveclau-2026-02-28-12-46-utc,the night of the 12th,0.017365
letterboxd-withloveclau-2026-02-28-12-46-utc,the secret life of pets,0.013276
letterboxd-withloveclau-2026-02-28-12-46-utc,taxi driver,0.046875
letterboxd-withloveclau-2026-02-28-12-46-utc,lady bird,0.042187
letterboxd-withloveclau-2026-02-28-12-46-utc,top gun: maverick,0.019537
letterboxd-withloveclau-2026-02-28-12-46-utc,insomnia,0.024421
letterboxd-withloveclau-2026-02-28-12-46-utc,dark waters,0.029954
letterboxd-withloveclau-2026-02-28-12-46-utc,paprika,0.035332
letterboxd-withloveclau-2026-02-28-12-46-utc,the seven-per-cent solution,0.025376
letterboxd-withloveclau-2026-02-28-12-46-utc,jerry maguire,0.036915
letterboxd-withloveclau-2026-02-28-12-46-utc,kramer vs. kramer,0.056012
letterboxd-withloveclau-2026-02-28-12-46-utc,spider-man: across the spider-verse,0.047075
letterboxd-withloveclau-2026-02-28-12-46-utc,the art of getting by,0.017701
letterboxd-withloveclau-2026-02-28-12-46-utc,asteroid city,0.04825
letterboxd-withloveclau-2026-02-28-12-46-utc,interiors,0.03074
letterboxd-withloveclau-2026-02-28-12-46-utc,no hard feelings,0.031079
letterboxd-withloveclau-2026-02-28-12-46-utc,indiana jones and the dial of destiny,0.031335
letterboxd-withloveclau-2026-02-28-12-46-utc,bottle rocket,0.044597
letterboxd-withloveclau-2026-02-28-12-46-utc,the life aquatic with steve zissou,0.044597
letterboxd-withloveclau-2026-02-28-12-46-utc,fantastic mr. fox,0.044597
letterboxd-withloveclau-2026-02-28-12-46-utc,the darjeeling limited,0.057338
letterboxd-withloveclau-2026-02-28-12-46-utc,the royal tenenbaums,0.057338
letterboxd-withloveclau-2026-02-28-12-46-utc,the angels' share,0.03833
letterboxd-withloveclau-2026-02-28-12-46-utc,operation varsity blues: the college admissions scandal,0.031942
letterboxd-withloveclau-2026-02-28-12-46-utc,the hangover,0.026335
letterboxd-withloveclau-2026-02-28-12-46-utc,12 angry men,0.0662
letterboxd-withloveclau-2026-02-28-12-46-utc,legally blonde,0.04634
letterboxd-withloveclau-2026-02-28-12-46-utc,the graduate,0.059908
letterboxd-withloveclau-2026-02-28-12-46-utc,oppenheimer,0.048021
letterboxd-withloveclau-2026-02-28-12-46-utc,world of tomorrow episode two: the burden of other people's thoughts,0.01372
letterboxd-withloveclau-2026-02-28-12-46-utc,the sting,0.061741
letterboxd-withloveclau-2026-02-28-12-46-utc,romeo + juliet,0.020693
letterboxd-withloveclau-2026-02-28-12-46-utc,the great escape,0.06208
letterboxd-withloveclau-2026-02-28-12-46-utc,the party,0.027972
letterboxd-withloveclau-2026-02-28-12-46-utc,sweet bean,0.057655
letterboxd-withloveclau-2026-02-28-12-46-utc,sleuth,0.072069
letterboxd-withloveclau-2026-02-28-12-46-utc,searching,0.043241
letterboxd-withloveclau-2026-02-28-12-46-utc,virgin mountain,0.064862
letterboxd-withloveclau-2026-02-28-12-46-utc,airplane!,0.072069
letterboxd-withloveclau-2026-02-28-12-46-utc,"dawn breaks, which is no small thing",0.064862
letterboxd-withloveclau-2026-02-28-12-46-utc,sense and sensibility,0.05861
letterboxd-withloveclau-2026-02-28-12-46-utc,love & death,0.032879
letterboxd-withloveclau-2026-02-28-12-46-utc,blonde,0.016758
letterboxd-withloveclau-2026-02-28-12-46-utc,all about my mother,0.059299
letterboxd-withloveclau-2026-02-28-12-46-utc,"red, white & royal blue",0.025694
letterboxd-withloveclau-2026-02-28-12-46-utc,pain and glory,0.069082
letterboxd-withloveclau-2026-02-28-12-46-utc,the shawshank redemption,0.086353
letterboxd-withloveclau-2026-02-28-12-46-utc,the killer,0.069272
letterboxd-withloveclau-2026-02-28-12-46-utc,hereditary,0.05296
letterboxd-withloveclau-2026-02-28-12-46-utc,orgazmo,0.008827
letterboxd-withloveclau-2026-02-28-12-46-utc,theater camp,0.070807
letterboxd-withloveclau-2026-02-28-12-46-utc,the social network,0.062983
letterboxd-withloveclau-2026-02-28-12-46-utc,memories of murder,0.091467
letterboxd-withloveclau-2026-02-28-12-46-utc,alphaville,0.073173
letterboxd-withloveclau-2026-02-28-12-46-utc,akira,0.037295
letterboxd-withloveclau-2026-02-28-12-46-utc,see how they run,0.056096
letterboxd-withloveclau-2026-02-28-12-46-utc,napoleon,0.05625
letterboxd-withloveclau-2026-02-28-12-46-utc,isle of dogs,0.06653
letterboxd-withloveclau-2026-02-28-12-46-utc,this is england,0.096354
letterboxd-withloveclau-2026-02-28-12-46-utc,anatomy of a fall,0.067633
letterboxd-withloveclau-2026-02-28-12-46-utc,the family stone,0.049245
letterboxd-withloveclau-2026-02-28-12-46-utc,while you were sleeping,0.059094
letterboxd-withloveclau-2026-02-28-12-46-utc,the usual suspects,0.089127
letterboxd-withloveclau-2026-02-28-12-46-utc,the holiday,0.069321
letterboxd-withloveclau-2026-02-28-12-46-utc,sleepless in seattle,0.039939
letterboxd-withloveclau-2026-02-28-12-46-utc,call me by your name,0.080537
letterboxd-withloveclau-2026-02-28-12-46-utc,tár,0.051451
letterboxd-withloveclau-2026-02-28-12-46-utc,saltburn,0.052161
letterboxd-withloveclau-2026-02-28-12-46-utc,barbie,0.094147
letterboxd-withloveclau-2026-02-28-12-46-utc,"girl, interrupted",0.073226
letterboxd-withloveclau-2026-02-28-12-46-utc,the lord of the rings: the two towers,0.083686
letterboxd-withloveclau-2026-02-28-12-46-utc,glass onion,0.062765
letterboxd-withloveclau-2026-02-28-12-46-utc,whiplash,0.105183
letterboxd-withloveclau-2026-02-28-12-46-utc,the holdovers,0.10722
letterboxd-withloveclau-2026-02-28-12-46-utc,"20,000 species of bees",0.096498
letterboxd-withloveclau-2026-02-28-12-46-utc,drive,0.085776
letterboxd-withloveclau-2026-02-28-12-46-utc,black swan,0.075054
letterboxd-withloveclau-2026-02-28-12-46-utc,the village,0.085776
letterboxd-withloveclau-2026-02-28-12-46-utc,the prestige,0.10722
letterboxd-withloveclau-2026-02-28-12-46-utc,juno,0.096498
letterboxd-withloveclau-2026-02-28-12-46-utc,me and earl and the dying girl,0.075054
letterboxd-withloveclau-2026-02-28-12-46-utc,eighth grade,0.085776
letterboxd-withloveclau-2026-02-28-12-46-utc,fargo,0.086011
letterboxd-withloveclau-2026-02-28-12-46-utc,once in a lifetime,0.053757
letterboxd-withloveclau-2026-02-28-12-46-utc,society of the snow,0.098097
letterboxd-withloveclau-2026-02-28-12-46-utc,election,0.043599
letterboxd-withloveclau-2026-02-28-12-46-utc,"crazy, stupid, love.",0.043958
letterboxd-withloveclau-2026-02-28-12-46-utc,little miss sunshine,0.099723
letterboxd-withloveclau-2026-02-28-12-46-utc,the name of the rose,0.099723
letterboxd-withloveclau-2026-02-28-12-46-utc,perfect days,0.111107
letterboxd-withloveclau-2026-02-28-12-46-utc,wonka,0.066664
letterboxd-withloveclau-2026-02-28-12-46-utc,past lives,0.077775
letterboxd-withloveclau-2026-02-28-12-46-utc,a brighter tomorrow,0.099996
letterboxd-withloveclau-2026-02-28-12-46-utc,midsommar,0.078848
letterboxd-withloveclau-2026-02-28-12-46-utc,sideways,0.090607
letterboxd-withloveclau-2026-02-28-12-46-utc,poor things,0.104191
letterboxd-withloveclau-2026-02-28-12-46-utc,robot dreams,0.081038
letterboxd-withloveclau-2026-02-28-12-46-utc,priscilla,0.070034
letterboxd-withloveclau-2026-02-28-12-46-utc,the lego movie,0.058683
letterboxd-withloveclau-2026-02-28-12-46-utc,killers of the flower moon,0.059005
letterboxd-withloveclau-2026-02-28-12-46-utc,hairspray,0.09571
letterboxd-withloveclau-2026-02-28-12-46-utc,life is beautiful,0.023993
letterboxd-withloveclau-2026-02-28-12-46-utc,igby goes down,0.073373
letterboxd-withloveclau-2026-02-28-12-46-utc,dune: part two,0.122624
letterboxd-withloveclau-2026-02-28-12-46-utc,american fiction,0.074589
letterboxd-withloveclau-2026-02-28-12-46-utc,american beauty,0.114363
letterboxd-withloveclau-2026-02-28-12-46-utc,prisoners,0.114363
letterboxd-withloveclau-2026-02-28-12-46-utc,the iron claw,0.127419
letterboxd-withloveclau-2026-02-28-12-46-utc,mulholland drive,0.064765
letterboxd-withloveclau-2026-02-28-12-46-utc,the thing,0.103909
letterboxd-withloveclau-2026-02-28-12-46-utc,we're the millers,0.026049
letterboxd-withloveclau-2026-02-28-12-46-utc,confessions of a teenage drama queen,0.07836
letterboxd-withloveclau-2026-02-28-12-46-utc,women on the verge of a nervous breakdown,0.117862
letterboxd-withloveclau-2026-02-28-12-46-utc,the florida project,0.130958
letterboxd-withloveclau-2026-02-28-12-46-utc,joker,0.104767
letterboxd-withloveclau-2026-02-28-12-46-utc,singin' in the rain,0.117862
letterboxd-withloveclau-2026-02-28-12-46-utc,arrival,0.130958
letterboxd-withloveclau-2026-02-28-12-46-utc,lost in translation,0.130958
letterboxd-withloveclau-2026-02-28-12-46-utc,gone girl,0.117862
letterboxd-withloveclau-2026-02-28-12-46-utc,the princess diaries,0.091671
letterboxd-withloveclau-2026-02-28-12-46-utc,paddington,0.091671
letterboxd-withloveclau-2026-02-28-12-46-utc,scott pilgrim vs. the world,0.104767
letterboxd-withloveclau-2026-02-28-12-46-utc,the martian,0.104767
letterboxd-withloveclau-2026-02-28-12-46-utc,the big lebowski,0.104767
letterboxd-withloveclau-2026-02-28-12-46-utc,the rocky horror picture show,0.117862
letterboxd-withloveclau-2026-02-28-12-46-utc,mean girls 2,0.026192
letterboxd-withloveclau-2026-02-28-12-46-utc,the lord of the rings: the return of the king,0.131678
letterboxd-withloveclau-2026-02-28-12-46-utc,the lord of the rings: the fellowship of the ring,0.11851
letterboxd-withloveclau-2026-02-28-12-46-utc,sing street,0.11851
letterboxd-withloveclau-2026-02-28-12-46-utc,the anthrax attacks: in the shadow of 9/11,0.039503
letterboxd-withloveclau-2026-02-28-12-46-utc,the green ray,0.119161
letterboxd-withloveclau-2026-02-28-12-46-utc,get a clue,0.03972
letterboxd-withloveclau-2026-02-28-12-46-utc,while at war,0.066382
letterboxd-withloveclau-2026-02-28-12-46-utc,the house that jack built,0.134227
letterboxd-withloveclau-2026-02-28-12-46-utc,no country for old men,0.094217
letterboxd-withloveclau-2026-02-28-12-46-utc,saw,0.121469
letterboxd-withloveclau-2026-02-28-12-46-utc,thelma & louise,0.04049
letterboxd-withloveclau-2026-02-28-12-46-utc,may december,0.080979
letterboxd-withloveclau-2026-02-28-12-46-utc,oldboy,0.125528
letterboxd-withloveclau-2026-02-28-12-46-utc,all of us strangers,0.111581
letterboxd-withloveclau-2026-02-28-12-46-utc,fallen leaves,0.055943
letterboxd-withloveclau-2026-02-28-12-46-utc,challengers,0.057655
letterboxd-withloveclau-2026-02-28-12-46-utc,the idea of you,0.043598
letterboxd-withloveclau-2026-02-28-12-46-utc,zip & zap and the captain's island,0.029547
letterboxd-withloveclau-2026-02-28-12-46-utc,bring it on,0.120477
letterboxd-withloveclau-2026-02-28-12-46-utc,dick,0.080858
letterboxd-withloveclau-2026-02-28-12-46-utc,bodies bodies bodies,0.097029
letterboxd-withloveclau-2026-02-28-12-46-utc,spring breakers,0.032343
letterboxd-withloveclau-2026-02-28-12-46-utc,the hunger games: the ballad of songbirds & snakes,0.113823
letterboxd-withloveclau-2026-02-28-12-46-utc,i saw the tv glow,0.147148
letterboxd-withloveclau-2026-02-28-12-46-utc,about time,0.13741
letterboxd-withloveclau-2026-02-28-12-46-utc,twilight,0.034352
letterboxd-withloveclau-2026-02-28-12-46-utc,"love, divided",0.017176
letterboxd-withloveclau-2026-02-28-12-46-utc,kinds of kindness,0.087784
letterboxd-withloveclau-2026-02-28-12-46-utc,camp rock 2: the final jam,0.105341
letterboxd-withloveclau-2026-02-28-12-46-utc,the bikeriders,0.10563
letterboxd-withloveclau-2026-02-28-12-46-utc,civil war,0.15888
letterboxd-withloveclau-2026-02-28-12-46-utc,inside out 2,0.124935
letterboxd-withloveclau-2026-02-28-12-46-utc,twelve monkeys,0.143961
letterboxd-withloveclau-2026-02-28-12-46-utc,moxie,0.071981
letterboxd-withloveclau-2026-02-28-12-46-utc,birdman or (the unexpected virtue of ignorance),0.162846
letterboxd-withloveclau-2026-02-28-12-46-utc,ghost world,0.109161
letterboxd-withloveclau-2026-02-28-12-46-utc,anyone but you,0.091718
letterboxd-withloveclau-2026-02-28-12-46-utc,the imitation game,0.129465
letterboxd-withloveclau-2026-02-28-12-46-utc,chicago,0.14796
letterboxd-withloveclau-2026-02-28-12-46-utc,slc punk,0.130176
letterboxd-withloveclau-2026-02-28-12-46-utc,the nice guys,0.11158
letterboxd-withloveclau-2026-02-28-12-46-utc,sherlock holmes in washington,0.092983
letterboxd-withloveclau-2026-02-28-12-46-utc,god help the girl,0.09375
letterboxd-withloveclau-2026-02-28-12-46-utc,the boy and the heron,0.075206
letterboxd-withloveclau-2026-02-28-12-46-utc,longlegs,0.169678
letterboxd-withloveclau-2026-02-28-12-46-utc,cure,0.132334
letterboxd-withloveclau-2026-02-28-12-46-utc,trap,0.057183
letterboxd-withloveclau-2026-02-28-12-46-utc,"synecdoche, new york",0.191131
letterboxd-withloveclau-2026-02-28-12-46-utc,top secret!,0.172963
letterboxd-withloveclau-2026-02-28-12-46-utc,triangle of sadness,0.155866
letterboxd-withloveclau-2026-02-28-12-46-utc,scrapper,0.116899
letterboxd-withloveclau-2026-02-28-12-46-utc,ocean's eleven,0.156293
letterboxd-withloveclau-2026-02-28-12-46-utc,alien,0.097683
letterboxd-withloveclau-2026-02-28-12-46-utc,the naked gun: from the files of police squad!,0.138643
letterboxd-withloveclau-2026-02-28-12-46-utc,clerks,0.122473
letterboxd-withloveclau-2026-02-28-12-46-utc,the social dilemma,0.102341
letterboxd-withloveclau-2026-02-28-12-46-utc,won't you be my neighbor?,0.143277
letterboxd-withloveclau-2026-02-28-12-46-utc,supersonic,0.163745
letterboxd-withloveclau-2026-02-28-12-46-utc,perfect blue,0.184719
letterboxd-withloveclau-2026-02-28-12-46-utc,rye lane,0.106051
letterboxd-withloveclau-2026-02-28-12-46-utc,show me love,0.169682
letterboxd-withloveclau-2026-02-28-12-46-utc,melancholia,0.135168
letterboxd-withloveclau-2026-02-28-12-46-utc,high fidelity,0.158129
letterboxd-withloveclau-2026-02-28-12-46-utc,morbius,0.022839
letterboxd-withloveclau-2026-02-28-12-46-utc,the apprentice,0.161191
letterboxd-withloveclau-2026-02-28-12-46-utc,midnight in paris,0.234089
letterboxd-withloveclau-2026-02-28-12-46-utc,manhattan murder mystery,0.234089
letterboxd-withloveclau-2026-02-28-12-46-utc,manhattan,0.21068
letterboxd-withloveclau-2026-02-28-12-46-utc,hannah and her sisters,0.21068
letterboxd-withloveclau-2026-02-28-12-46-utc,crimes and misdemeanors,0.187271
letterboxd-withloveclau-2026-02-28-12-46-utc,the trial of the chicago 7,0.164762
letterboxd-withloveclau-2026-02-28-12-46-utc,"paris, texas",0.235375
letterboxd-withloveclau-2026-02-28-12-46-utc,the substance,0.188817
letterboxd-withloveclau-2026-02-28-12-46-utc,x,0.119311
letterboxd-withloveclau-2026-02-28-12-46-utc,(500) days of summer,0.238621
letterboxd-withloveclau-2026-02-28-12-46-utc,john adams,0.238621
letterboxd-withloveclau-2026-02-28-12-46-utc,mamma mia!,0.190897
letterboxd-withloveclau-2026-02-28-12-46-utc,carrie,0.095449
letterboxd-withloveclau-2026-02-28-12-46-utc,21,0.143173
letterboxd-withloveclau-2026-02-28-12-46-utc,uncut gems,0.099453
letterboxd-withloveclau-2026-02-28-12-46-utc,nickel boys,0.199451
letterboxd-withloveclau-2026-02-28-12-46-utc,young sherlock holmes,0.229355
letterboxd-withloveclau-2026-02-28-12-46-utc,when harry met sally...,0.181344
letterboxd-withloveclau-2026-02-28-12-46-utc,13 going on 30,0.131318
letterboxd-withloveclau-2026-02-28-12-46-utc,reservoir dogs,0.236372
letterboxd-withloveclau-2026-02-28-12-46-utc,inglourious basterds,0.236372
letterboxd-withloveclau-2026-02-28-12-46-utc,die hard,0.237021
letterboxd-withloveclau-2026-02-28-12-46-utc,tangerine,0.217727
letterboxd-withloveclau-2026-02-28-12-46-utc,serendipity,0.163295
letterboxd-withloveclau-2026-02-28-12-46-utc,bottoms,0.221943
letterboxd-withloveclau-2026-02-28-12-46-utc,conclave,0.223775
letterboxd-withloveclau-2026-02-28-12-46-utc,we are who we are,0.055944
letterboxd-withloveclau-2026-02-28-12-46-utc,nativity!,0.1414
letterboxd-withloveclau-2026-02-28-12-46-utc,sherlock: a study in pink,0.285917
letterboxd-withloveclau-2026-02-28-12-46-utc,i used to be funny,0.14493
letterboxd-withloveclau-2026-02-28-12-46-utc,kneecap,0.232524
letterboxd-withloveclau-2026-02-28-12-46-utc,how to lose a guy in 10 days,0.174872
letterboxd-withloveclau-2026-02-28-12-46-utc,across the universe,0.116901
letterboxd-withloveclau-2026-02-28-12-46-utc,thesis,0.149364
letterboxd-withloveclau-2026-02-28-12-46-utc,a real pain,0.240955
letterboxd-withloveclau-2026-02-28-12-46-utc,anora,0.301194
letterboxd-withloveclau-2026-02-28-12-46-utc,the brutalist,0.241616
letterboxd-withloveclau-2026-02-28-12-46-utc,sing sing,0.215508
letterboxd-withloveclau-2026-02-28-12-46-utc,neon genesis evangelion: the end of evangelion,0.277842
letterboxd-withloveclau-2026-02-28-12-46-utc,climax,0.124846
letterboxd-withloveclau-2026-02-28-12-46-utc,emilia pérez,0.032166
letterboxd-withloveclau-2026-02-28-12-46-utc,a complete unknown,0.331506
letterboxd-withloveclau-2026-02-28-12-46-utc,i'm still here,0.299174
letterboxd-withloveclau-2026-02-28-12-46-utc,flow,0.271082
letterboxd-withloveclau-2026-02-28-12-46-utc,fantastic beasts: the secrets of dumbledore,0.171763
letterboxd-withloveclau-2026-02-28-12-46-utc,the intern,0.206681
letterboxd-withloveclau-2026-02-28-12-46-utc,now you see me,0.241789
letterboxd-withloveclau-2026-02-28-12-46-utc,the hunger games,0.280142
letterboxd-withloveclau-2026-02-28-12-46-utc,the hunger games: catching fire,0.280142
letterboxd-withloveclau-2026-02-28-12-46-utc,deconstructing harry,0.210107
letterboxd-withloveclau-2026-02-28-12-46-utc,the hunger games: mockingjay – part 1,0.210107
letterboxd-withloveclau-2026-02-28-12-46-utc,mystic river,0.280911
letterboxd-withloveclau-2026-02-28-12-46-utc,the hunger games: mockingjay – part 2,0.175569
letterboxd-withloveclau-2026-02-28-12-46-utc,good omens,0.216535
letterboxd-withloveclau-2026-02-28-12-46-utc,train to busan,0.301651
letterboxd-withloveclau-2026-02-28-12-46-utc,klute,0.077084
letterboxd-withloveclau-2026-02-28-12-46-utc,game night,0.15459
letterboxd-withloveclau-2026-02-28-12-46-utc,paterson,0.273514
letterboxd-withloveclau-2026-02-28-12-46-utc,the umbrellas of cherbourg,0.314305
letterboxd-withloveclau-2026-02-28-12-46-utc,the young girls of rochefort,0.36044
letterboxd-withloveclau-2026-02-28-12-46-utc,final destination,0.258035
letterboxd-withloveclau-2026-02-28-12-46-utc,camp rock,0.219794
letterboxd-withloveclau-2026-02-28-12-46-utc,the phoenician scheme,0.308556
letterboxd-withloveclau-2026-02-28-12-46-utc,moneyball,0.3215
letterboxd-withloveclau-2026-02-28-12-46-utc,ruby sparks,0.229643
letterboxd-withloveclau-2026-02-28-12-46-utc,miss congeniality,0.184218
letterboxd-withloveclau-2026-02-28-12-46-utc,bullet train,0.280139
letterboxd-withloveclau-2026-02-28-12-46-utc,superman,0.29836
letterboxd-withloveclau-2026-02-28-12-46-utc,funny games,0.202758
letterboxd-withloveclau-2026-02-28-12-46-utc,ponyo,0.458712
letterboxd-withloveclau-2026-02-28-12-46-utc,my oxford year,0.153323
letterboxd-withloveclau-2026-02-28-12-46-utc,la haine,0.515296
letterboxd-withloveclau-2026-02-28-12-46-utc,la chinoise,0.465039
letterboxd-withloveclau-2026-02-28-12-46-utc,coherence,0.373786
letterboxd-withloveclau-2026-02-28-12-46-utc,the notebook,0.107973
letterboxd-withloveclau-2026-02-28-12-46-utc,kpop demon hunters,0.325698
letterboxd-withloveclau-2026-02-28-12-46-utc,superbad,0.273655
letterboxd-withloveclau-2026-02-28-12-46-utc,"oh, hi!",0.273655
letterboxd-withloveclau-2026-02-28-12-46-utc,the thursday murder club,0.223163
letterboxd-withloveclau-2026-02-28-12-46-utc,eddington,0.398097
letterboxd-withloveclau-2026-02-28-12-46-utc,one battle after another,0.472758
letterboxd-withloveclau-2026-02-28-12-46-utc,all the president's men,0.491244
letterboxd-withloveclau-2026-02-28-12-46-utc,you again,0.249693
letterboxd-withloveclau-2026-02-28-12-46-utc,springsteen: deliver me from nowhere,0.445424
letterboxd-withloveclau-2026-02-28-12-46-utc,dear diary,0.638065
letterboxd-withloveclau-2026-02-28-12-46-utc,frankenstein,0.332417
letterboxd-withloveclau-2026-02-28-12-46-utc,the long walk,0.473097
letterboxd-withloveclau-2026-02-28-12-46-utc,saturday night,0.428351
letterboxd-withloveclau-2026-02-28-12-46-utc,sentimental value,0.721785
letterboxd-withloveclau-2026-02-28-12-46-utc,another round,0.66765
letterboxd-withloveclau-2026-02-28-12-46-utc,shoplifters,0.604958
letterboxd-withloveclau-2026-02-28-12-46-utc,the grand budapest hotel,0.758273
letterboxd-withloveclau-2026-02-28-12-46-utc,now you see me: now you don't,0.228732
letterboxd-withloveclau-2026-02-28-12-46-utc,the naked gun,0.38542
letterboxd-withloveclau-2026-02-28-12-46-utc,bugonia,0.544042
letterboxd-withloveclau-2026-02-28-12-46-utc,wicked,0.396126
letterboxd-withloveclau-2026-02-28-12-46-utc,we're all going to the world's fair,0.238981
letterboxd-withloveclau-2026-02-28-12-46-utc,catch me if you can,0.639032
letterboxd-withloveclau-2026-02-28-12-46-utc,zodiac killer project,0.480589
letterboxd-withloveclau-2026-02-28-12-46-utc,"tick, tick... boom!",0.649623
letterboxd-withloveclau-2026-02-28-12-46-utc,sirāt,0.57626
letterboxd-withloveclau-2026-02-28-12-46-utc,hamnet,0.66584
letterboxd-withloveclau-2026-02-28-12-46-utc,sinners,0.667667
letterboxd-withloveclau-2026-02-28-12-46-utc,rent,0.593892
letterboxd-withloveclau-2026-02-28-12-46-utc,die my love,0.339367
letterboxd-withloveclau-2026-02-28-12-46-utc,moulin rouge!,0.50905
letterboxd-withloveclau-2026-02-28-12-46-utc,f1,0.510446
letterboxd-withloveclau-2026-02-28-12-46-utc,bridget jones's diary,0.510446
letterboxd-withloveclau-2026-02-28-12-46-utc,l'eclisse,0.085542
letterboxd-withloveclau-2026-02-28-12-46-utc,ad astra,0.086248
letterboxd-withloveclau-2026-02-28-12-46-utc,blow-up,0.259453
letterboxd-withloveclau-2026-02-28-12-46-utc,no other choice,0.607052
letterboxd-withloveclau-2026-02-28-12-46-utc,dodes'ka-den,0.34975
letterboxd-withloveclau-2026-02-28-12-46-utc,the secret agent,0.353604
letterboxd-withloveclau-2026-02-28-12-46-utc,marty supreme,0.891305
